,0
0,
1,#GENSHIN IMPACT#HOLOLIVE#PROJECT SEKAI#HONKAISTARRAIL#ORIGINAL ART
2,& MORE!
3,(AND MORE TBA)
4,(G)I-DLE
5,-
6,-VTUBER
7,.FLOW
8,100 GECS
9,100 KANOJO
10,19 DAYS
11,19DAYS
12,20TH CENTURY BOYS
13,22/7
14,2521
15,4
16,5)
17,80'S ANIME/GAME
18,86
19,9-NINE
20,90'S ANIME
21,90S ANIME
22,90S ANIMES
23,A CERTAIN SCIENTIFIC RAILGUN
24,A SIGN OF AFFECTION
25,A3
26,A3!
27,ACCESSORIES
28,ACCESSORIES (JEWELRY)
29,"ACCESSORIS, KPOP, THAILAND, VALORANT"
30,ACE ATTORNEY
31,ACE OF DIAMOND
32,ACNH
33,ACROSS THE SPIDER VERSE
34,ACROSS THE SPIDER-VERSE
35,ACROSS THE SPIDERVERSE
36,ADO
37,ADVENTURE TIME
38,ADVENTURE TIME (WESTERN FANDOM)
39,ADVETURE TIME
40,AESPA
41,AESPA)
42,AEW/NJPW
43,AGGRETSUKO
44,AGROVANIS
45,AIKATSU
46,AK
47,AKA VIRTUAL VTUBER
48,AKATSUKI NO YONA
49,AKAYONA
50,AKIRA
51,ALCHEMY STARS
52,ALDNOAH ZERO
53,ALICE IN BORDERLAND
54,ALIEN STAGE
55,ALIEN STAGE (ALNST)
56,AMAYA MIYU
57,AMAZING DIGITAL CIRCUS
58,AMIGURUMI
59,AMIGURUMI LOVER
60,AMONG US
61,AMPHIBIA
62,AND MORE.
63,AND ORIGINAL ARTWORKS
64,AND OTHERS)
65,ANGEL OF DEATH
66,ANIMAL
67,ANIMAL CROSSING
68,ANIMAL CROSSINGS
69,ANIMAL.
70,ANIMALS
71,ANIMALS & WILDLIFE
72,ANIMANIACS
73,ANIMATION
74,ANIMATION/FILMS/PROJECTS (AKIRA
75,ANIME
76,"ANIME & CARTOON (AOT, JJK, HAIKYUU, MHA, ATLA)"
77,ANIME & MANGA (CARDCAPTOR SAKURA
78,ANIME & VTUBERS
79,"ANIME (AOT, JJK, MHA, GHIBLI, HXH, GINTAMA, HAIKYUU, SUZUME)"
80,ANIME (ESPECIALLY RUROUNI KENSHIN)
81,"ANIME (GHIBLI, SKIP N LOAFER)"
82,"ANIME (JJK, ONE PIECE, NARUTO, DEMON SLAYER)"
83,"ANIME (ONE PIECE, JUJUTSU, CHAINSAW MAN)"
84,ANIME (PRETTY CURE)
85,ANIME GAMES RPG
86,ANIME GIRL AND BOY
87,ANIME ONLY
88,ANIME PALU GADA
89,ANIME RPG GAMES
90,ANIME SPORT
91,"ANIME, ORIGINAL"
92,"ANIME, VTUBER, ORIGINAL CHARACTER"
93,ANIME/VTUBER
94,ANIMES
95,ANOTHER EDEN
96,ANPANMAN
97,AO NO EXORCIST
98,AO ONI
99,AOBUTA
100,AOT
101,APEX
102,APEX LEGENDS
103,APOCATHERY DIARIES
104,APOTECHARY DIARIES
105,APOTHECARY DIARIES
106,APOTHECARY DIARY
107,ARCAEA
108,ARCANE
109,ARGONAVIS
110,ARI ASTER FILMS
111,ARIA
112,ARIA MOCHIZUKI
113,ARKKNIGHTS
114,ARKNIGHT
115,ARKNIGHTS
116,ARKNIGHTS ENFIELD
117,"ARKNIGHTS, IDOLM@STER, HOLOLIVE"
118,ARKNIGHTS: ENDFIELD
119,ART FANART COMEDY
120,ASAKURA SUCCUBUS
121,ASCENDANCE OF A BOOKWORM
122,ASHNIKKO
123,ASMR
124,ASSASSIN CREED
125,ASTRALAIR NO SHIROKI TOWA
126,ATARASHII GAKKO
127,ATARASHII GAKKO!
128,ATARASHII GAKKOU
129,ATEEZ
130,ATELIER RESLERIANA
131,ATELIER RYZA
132,ATELIER SERRIES
133,ATELIER WITCH HAT
134,ATLA
135,ATSV
136,ATSV (SPIDERMAN ACROSS THE SPIDER VERSE)
137,"ATSV, MEWKLEDREAMY, AIKATSU, ORIGINAL WORK (CAT DRAWINGS)"
138,ATTACK ON TITAN
139,ATTACK ON TITANS
140,AUTOMOTIVE
141,AVATAR
142,AVATAR (THE WAY OF WATER)
143,AVATAR (V MINOR AMT OF MERCH)
144,AVATAR THE LAST AIRBENDER
145,AVATAR THE LEGEND OF AANG
146,AVATAR TLA
147,AVATARO SENTAI DONBROTHERS
148,AYA
149,AZUMANGA DAIOH
150,AZUR
151,AZUR LANE
152,AZURLANE
153,B-PROJECT
154,BABYMETAL
155,BACCANO!
156,BACKROOMS
157,BALDUR GATE
158,BALDUR'S GATE
159,BALDUR'S GATE 3
160,BALDURS GATE
161,BALDURS GATE 3
162,BALDUR’S GATE
163,BALDUR’S GATE 3
164,BANANA FISH
165,BANDORI
166,BANDS
167,BANG DREAM
168,BANG DREAM (BANDORI)
169,BANG DREAM!
170,BANG DREAM! GIRLS BAND PARTY
171,BANG DREAM! IT'S MYGO!!!!!
172,BARBIE
173,BAT FAMILY
174,BATMAN FAMILY
175,"BATMAN, FRIEREN, PIXAR"
176,BBC SHERLOCK
177,BEADS
178,BEADS (ORIGINAL)
179,BEASTARS
180,BEATLES
181,BEMANI
182,BERSERK
183,BETTER CALL SAUL
184,BG3
185,BIBI
186,BL
187,BL ORIGINAL WEBTOON
188,BLACK BUTLER
189,BLACK CLOVER
190,BLACKPINK
191,BLACKSTAR: THEATER STARLESS
192,BLEACH
193,BLOODBORNE
194,BLOOM INTO YOU
195,BLUE ARCHIEVE
196,BLUE ARCHIVE
197,BLUE ARCHIVE (BA)
198,BLUE ARCHIVE)
199,BLUE ARCHIVES
200,BLUE LOCK
201,BLUE LOCK.
202,BLUE PERIOD
203,BLUE REFLECTION
204,BLUELOCK
205,BLUEY
206,BNHA
207,BNHA TOKYO REVENGERS
208,BOBOIBOY
209,BOCCHI
210,BOCCHI THE ROCK
211,BOCCHI THE ROCK!
212,"BOCCHI THE ROCK, SPY X FAMILY"
213,BOCCHI! THE ROCK
214,BOCHI
215,BOKU NO HERO
216,BOKU NO HERO ACADEMIA
217,BOOK FANDOM
218,BOOKS/MOVIES FANDOM
219,BOONDOCKS
220,BORUTO
221,BP
222,BREAKING BAD
223,BSD
224,BTR
225,BTS
226,BTS. TXT
227,BUGS/INSECTS
228,BUNGAIPUS
229,BUNGO STRAY DOGS
230,BUNGOU ALCHEMIST
231,BUNGOU STRAY DOGS
232,BUNNY MAI SENPAI
233,BUNTELAN BEBEK
234,BUSHIROAD
235,C
236,C-POP
237,CAKWE
238,CALL OF DUTY
239,CAMP HERE AND THERE
240,CAMPFIRE COOKING
241,CAMPFIRE COOKING IN ANOTHER WORLD
242,CAPYBARA
243,CAR
244,CARD CAPTOR SAKURA
245,CARD FIGHT VANGUARD! DARK SOULS
246,CARDCAPTOR SAKURA
247,CARDFIGHT VANGUARD
248,CARNIVAL
249,CARTOON
250,CASTLEVANIA
251,CAT
252,CAT (ORIGINAL)
253,CAT LOVERS
254,CAT MEMES
255,CAT MERCH
256,CAT RELATED FANDOM
257,CATHERINE SETA
258,CATS
259,CATS AND DOGS
260,"CATS, ANIMAL"
261,"CATS, PETS, ANIMALS"
262,CECILIA
263,CELL OF EMPIREO
264,CHAINSAW MAN
265,CHAINSAW MAN DAN HAIKYUU
266,CHAINSAW-MAN
267,CHAINSAWMAN
268,CHAINSAWMAN. HOUSEKI NO KUNI. ATLA
269,CHANSAWMAN
270,CHARACTERS
271,CHARISMA HOUSE
272,CHERRY MAGIC
273,CHIARA
274,CHILDREN OF THE SEA
275,CHIZURU
276,CHLOE
277,CHOUJIN X
278,CHRONONOIR
279,CITY HUNTERS
280,CLAMP
281,CLASSIC LITERATURES
282,CLASSROOM
283,CLASSROOM OF THE ELITES
284,COD
285,COD MW2
286,CODE: REALIZE
287,CODEKUNST
288,COKIE RUN KINGDOM
289,COLLAR×MALICE
290,COMIC
291,COMMISION
292,COMMISSION
293,CONAN
294,CONTENT CREATOR
295,COOKIE RUN
296,COOKIE RUN KINGDOM
297,COOKIE RUN KINGDOM (CRK)
298,COOKIE RUN KINGDOM. RECORD OF RAGNAROK
299,COOKIE RUN: KINGDOM
300,COOKIERUN
301,COOKIERUN KINGDOM
302,CORPSE HUSBAND
303,CORRECTOR YUI
304,COSPLAY
305,COSPLAYER
306,COUNTER: SIDE
307,COUNTERSIDE
308,COUNTRYBALL
309,COUNTRYBALLS
310,COWBOY BEBOP
311,CRAFTS
312,CREEPYPASTA
313,CRK
314,CROWS
315,CSM
316,CULT OF THE LAMB
317,CUTE ANIMAL
318,CUTE ANIMALS
319,"CUTE ANIMALS (FROGS, DUCK, ETC), MOSTLY FROGS MERCHANDISE"
320,CUTE ART & ILLUSTRATION
321,CUTE GIRL & CUTE ANIMALS ILLUSTRATIONS
322,CUTE PET
323,CUTE STUFF
324,CYBERPUNK
325,CYBERPUNK 2022
326,CYBERPUNK EDGERUNNER
327,CYGAMES
328,D&D
329,D4DJ
330,DA CAPO 5
331,DAIGYAKUTEN SAIBAN (THE GREAT ACE ATTORNEY)
332,DAIYA NO ACE
333,DAN FGO
334,DANDADAN
335,DANGANRONPA
336,DANMEI
337,DANMEI (MXTX)
338,DANMEI MERCH
339,DANMEI TGCF
340,DAOMU BIJI
341,DARK GATHERING
342,DARK SOULS
343,DAY 6
344,DAY6
345,DAY6 (KOREAN BAND)
346,DC
347,DC BATFAMILY
348,DC COMIC
349,DC COMICS
350,DC HEROES
351,DCMK
352,DDLC
353,DEAD BY DAYLIGHT
354,DEAD MOUNT DEAD PLAY
355,DEAD PLATE
356,DEADPOOL
357,DEATH NOTE
358,DEBUT OR DIE
359,DEBUT OR DIE (DMJ)
360,DEEP SPACE
361,DEGREES OF LEWDITY
362,DEGREES OF LEWDITY (DOL)
363,DEKOBOKO MAJO NO OYAKO JIJOU
364,DELICIOUS IN DUNGEON
365,DELTARUNE
366,DELTARUNE/UNDERTALE
367,DEMO SLAYER
368,DEMON HUNTER
369,DEMON SLAYER
370,DEMON SLAYER/ KIMETSU NO YAIBA
371,DENONBU
372,DETECTIVE CONAN
373,DETECTIVE CONAN MAGIC KAITO
374,DETROIT BECOME HUMAN
375,DEVIL MAY CRY
376,DEVILMAN CRYBABY
377,DEWA 19
378,DIAMOND NO ACE
379,DIGI CHARAT
380,DIGIMON
381,DIGIMON ( POPULAR ANIMES & VIDEO GAMES )
382,DIGIMON AND HONKAI STAR RAIL
383,DIGITAL CIRCUS
384,DIGITALCIRCUS
385,DISCO ELYSIUM
386,DISLYTE
387,DISNEY
388,DISNEY AND SOME ANIMES
389,DLL
390,DMC
391,DMC5
392,DMMD
393,DND
394,DO OR DIE
395,DOCTOR WHO
396,DOGS)
397,DOKI DOKI LITERATURE CLUB
398,DOL
399,DOLL
400,DOODLE MONSTER
401,DORAEMON
402,DOROHEDORO
403,DOROHEDORO (MANGA)
404,DORORO
405,DOTA 2
406,DOUDOUDOUJIN
407,DOUJIN MUSIC
408,DOUJINSHI
409,DPR IAN
410,DPR LIVE
411,DR STONE
412,DR. STONE
413,DR.STONE
414,DRAGON QUEST
415,DRAGONBALL/AKIRA
416,DRAKENGARD
417,DRAMATICAL MURDER
418,DREAMCATCHER
419,DSB.
420,DUCK
421,DUCKTALES
422,DUGEON MESHI
423,DUNGEON AND DRAGONS
424,DUNGEON MESHI
425,DUNGEON MESHI (MANGA)
426,DUNGEONS & DRAGONS
427,DUNMESHI
428,DURARARA
429,DURARARA!!
430,DVC
431,EGOIST
432,EIGHTY SIX
433,ELAINA
434,ELAINE
435,ELDEN RING
436,ELECEED
437,ELECEED MANHWA/ WEBTOON
438,ELSWORD
439,ELSWORLD
440,EN VTUBER SHXTOU
441,ENHYPEN
442,ENIGMYST PROJECT VIRTUAL YOUTUBER GROUP
443,ENSAMBLE STAR
444,ENSAMBLE STARS
445,ENSEMBLE STAR
446,ENSEMBLE STARS
447,ENSEMBLE STARS!
448,ENSEMBLE STARS!!
449,ENSTAR
450,ENSTARS
451,ENSTARS!!
452,ERGO PROXY
453,ERWIN/LEVI (ATTACK ON TITAN)
454,ETC
455,ETC (OTHER POPULAR ANIMES & VIDEO GAMES)
456,ETC)
457,ETC) BOCCHI THE ROCK
458,ETC.
459,EVA
460,EVADE
461,EVANGALION
462,EVANGELION
463,EVE
464,EVE UTAITE
465,EVERYDAY BY DAY
466,EVERYTHING EVERYWHERE ALL AT ONCE
467,EX ASTRIS
468,EX-NIJI
469,EXO
470,EXO (K-POP)
471,"EXO, STRAYKIDS,"
472,EYESHIELD 21
473,F1
474,F1(FORMULA ONE)
475,FANART
476,FANTASTIC BEAST
477,FANTASY ANIME
478,FANTASY MEDIEVAL
479,FATE
480,FATE GRAND ODRDER
481,FATE GRAND ORDER
482,FATE SERIES
483,FATE/GO
484,FATE/GRAND ORDER
485,FE3H
486,FEAR & HUNGER
487,FEAR & HUNGER 2: TERMINA
488,FEAR & HUNGER TERMINA
489,FEAR AND HUNGER
490,FEAR AND HUNGER TERMINA
491,FF14
492,FF7
493,FFXIV
494,FFXIV / WOL
495,FFXVI
496,FGO
497,FIGHT CLUB
498,FIGHTING GAMES
499,FILM
500,FINAL FANTASY
501,FINAL FANTASY 14
502,FINAL FANTASY VII
503,FINAL FANTASY XIV
504,FINAL FANTASY XV
505,FINAL FANTASY XVI
506,FINAL FANTASY SERIES
507,FIONA AND CAKE
508,FIONNA AND CAKE
509,FIRE EMBLEM
510,FIRE EMBLEM THREE HOUSES
511,"FIRE EMBLEM, FINAL FANTASY, GENSHIN IMPACT, HONKAI STAR RAIL"
512,FIRE FORCE
513,FISH
514,FIVE NIGHT AT FREDDYS
515,FIVE NIGHTS AT FREDDY
516,FIVE NIGHTS AT FREDDY'S
517,FIVE NIGHTS AT FREDDY’S
518,FIVE NIGHTS AT FREDDY’S (FNAF)
519,FKBU
520,FLCL
521,FLOWER
522,FLOWERS
523,FLUFFY PARADISE
524,FNAF
525,FNB PARODY
526,FOOD
527,FOOD ART
528,FOOD FANTASY
529,FOOD ILLUSTRATION
530,FOOD MERCH
531,FOOD THEMED ILLUSTRATION
532,FOOD)
533,FOODIE
534,FOODS
535,FORMULA 1
536,FREE!
537,FRIEREN
538,FRIEREN BEYOND JOURNEY'S END
539,FRIEREN: BEYOND JOURNEY'S END
540,FRIEREND
541,FRIEREN…
542,FROM ARGONAVIS
543,FROMARGO
544,FROMSOFT
545,FRUIT BASKET
546,FRUITS BASKET
547,FUJII KAZE
548,FULL METAL ALCHEMIST
549,FULL METAL ALCHEMIST FMA
550,FULLMETAL ALCHEMIST
551,FUNAMUSEA
552,FURRY
553,FUTURE CARD BUDDYFIGHT
554,GAME
555,GAME (HOYOVERSE)
556,GAME (HSR/ENSTARS)
557,GAME (POKEMON / DIGIMON)
558,GAME GENSHIN IMPACT ETC
559,"GAME, MECHA, ANIME"
560,GAMES
561,GAMES 
562,GAMES (ACNH
563,GAMING
564,"GAMING (VALORANT, GENSHIN IMPACT, HONKAI STAR RAIL)"
565,GAMING RELATED
566,GATE
567,GBF
568,GEBSHIN IMPACT
569,GEGEGE NO KITARO/GENAZO
570,GEGEGE NO NAZO
571,GEKKAN SHOUJO NOZAKI
572,GEMINIFOURTH
573,GEMSHIN IMPACT
574,GENERAL ANIME
575,GENJUTSU NO YOHANE
576,GENSHI IMPACT
577,GENSHIN
578,GENSHIN & HIONKAI STAR RAIL
579,GENSHIN (GAME)
580,GENSHIN / VTUBER
581,GENSHIN IMPACT
582,GENSHIN IMPACT & TWISTED WONDERLAND & HONKAI : STAR RAIL & HONKAI IMPACT 3
583,GENSHIN IMPACT ETC.
584,"GENSHIN IMPACT, HONKAI STAR RAIL"
585,"GENSHIN IMPACT, HSR, VTUBER, FE,"
586,"GENSHIN IMPACT, KANCOLLE, HONKAI STAR RAIL"
587,"GENSHIN IMPACT, ONE PIECE, RESIDENT EVIL, METAL GEAR SOLID, UTENA, WITCH HAT ATELIER"
588,GENSHIN IMPACT.
589,GENSHIN IMPACT. HONKAI STAR RAIL
590,GENSHIN IMPCAT
591,GENSHIN ORIGINALS
592,"GENSHIN, HONKAI"
593,"GENSHIN, HONKAI STAR RAIL, IDENTITY V, BUNGOU STRAY DOGS"
594,"GENSHIN, HONKAI STARRAIL, TEARS OF THEMIS, KPOP, JUJUTSU KAISEN, VTUBER, HANAKO"
595,"GENSHIN, JUJUTSU KAISEN, VALORANT, GHIBLI, DEMON SLAYER, HAZBIN HOTEL, ORIGINAL CHARACTERS"
596,"GENSHIN, MAOMAO, RANDOM ANIME"
597,"GENSHIN, TOUHOU, ACE ATTORNEY"
598,GENSHIN.
599,GENSHIN. HARVEST MOON
600,GENSHIN/HOLOLIVE
601,GENSHIN/HONKAI
602,GENSHIN2 IMPACT
603,GENSIN IMPACT
604,GESHIN IMPACT
605,GFL
606,GFL2
607,GFRIEND
608,GGST
609,GHIBLI
610,GHIBLI POKEMON
611,GHIBLI STUDIO
612,"GHIBLI, ORIGINAL"
613,"GHIBLI, SAILORMOON, KPOP"
614,GHIBLI/PLAVE/JJK/ORIGINAL ARTWORK
615,GHIBLLI
616,GHILBI
617,GHOST
618,GHOST TRICK
619,"GHOSTY'S COMIC, VTUBER"
620,GI
621,GIBLI
622,GIDLE
623,GINTAMA
624,GIRL FROM NOWHERE
625,GIRL FRONTLINE
626,GIRL'S FRONTLINE
627,GIRLS FRONTLINE
628,GIRLS UND PANZER
629,GIRLS UNDER PANZER
630,GIRLS' FRONTLINE
631,GIRLS’ FRONTLINE
632,GIVEN
633,GL
634,"GL/YURI, ORIGINALS"
635,GOCHUUMON WA USAGI DESU KA
636,GODZILLA
637,GOLDEN KAMUY
638,GOOD OMENS
639,GORILLAZ
640,GOTHIC LOLITA FASHION
641,GOTOBUN
642,GOTOUBUN
643,GRANBLUE FANTASY
644,GRAND BLUE FANTASY
645,GRANDCHASE
646,GRAVITY FALLS
647,GRAY GARDEN
648,GUARDIAN TALES
649,GUARDIANS OF THE GALAXY
650,GUDETAMA
651,GUILTY GEAR
652,GUILTY GEAR STRIVE
653,GUMBALL
654,GUNDAM
655,GUNDAM (WITCH OF MERCURY/IRON BLOOD ORPHAN)
656,GUNDAM SEED
657,GUNDAM WITCH
658,GUNDAM WITCH FROM MERCURY
659,GUNDAM WITCH MERCURY
660,GUNDAM WITCH OF MERCURY
661,GUNDAM/POKEMON
662,GUNDAM: THE WITCH FROM MERCURY
663,GUNDAM: WITCH FROM MERCURY
664,GURO
665,GWITCH
666,G_WITCH
667,HADES
668,HAI MIIKO
669,HAIKYU!!
670,HAIKYUU
671,HAIKYUU!
672,HAIKYUU!!
673,HAMTARO
674,HANAKO KUN
675,HANAKO-KUN
676,HANDMADE ACCESSORIES
677,HANDMADE BEADS
678,HANDMADE CRAFT
679,HANDMADE CRAFT (BEADS)
680,HANDMADE CRAFTS
681,HANNIBAL
682,HAPPY CAT + BANANA CAT MEME
683,HARRY POTTER
684,"HARRY POTTER FRANCIES( HOGWARTS LEGACY, MAGIC AKAWEND, FILM/NOVEL )"
685,HARVEST MOON
686,HATARAKU SAIBOU
687,HATSUNE MIKU
688,HATSUNE MIKU (VOCALOID)
689,HATSUNE MIKU X PROJECT VOLTAGE
690,HAZBIN
691,HAZBIN HOTEL
692,HAZBIN HOTTEL
693,HEARTSTEEL LEAGUE OF LEGEND
694,HEAVEN OFFICIAL BLESSING
695,HEAVEN OFFICIAL BLESSING (TGCF)
696,HEAVEN OFFICIAL BLESSINGS
697,HEAVEN OFFICIAL'S BLESSING
698,HEAVEN OFFICIAL'S BLESSINGS
699,HELIOS
700,HELIOS RISING HEROES
701,HELL TAKER
702,HELLO CHARLOTTE
703,HELLSING
704,HELLUVA
705,HELLUVA BOSS
706,HELLUVA BOSS/HAZBIN HOTEL
707,HERO ACADEMIA
708,HETALIA
709,HETALIA WORLD STARS
710,HI3
711,HIBIKE
712,HIGH RISE INVASION
713,HIGURASHI
714,HIGURASHI NO NAKU KORO NI
715,HIGURASHI WHEN THEY CRY (ひぐらしのなく頃に)
716,HIKARU GA SHINDA NATSU
717,HIKARU NO GO
718,HIKIKOMARI
719,HINATAZAKA46
720,HINATAZAKA46 AND OTHERS
721,HIROAKA
722,HM
723,HOGWARTS LEGACY
724,HOLLOW KNIGHT
725,HOLO
726,HOLO LIVE
727,HOLO PRODUCTION
728,HOLO TEMPUS
729,HOLOEN
730,HOLOID
731,HOLOJP
732,HOLOLIVE
733,HOLOLIVE & HOLOSTAR
734,HOLOLIVE EN
735,HOLOLIVE ID
736,HOLOLIVE ID)
737,HOLOLIVE INDONESIA
738,HOLOLIVE JP
739,HOLOLIVE JP EN
740,HOLOLIVE VTUBER
741,HOLOLIVE)
742,HOLOLIVE/HOLOSTARS
743,HOLOLIVEEN
744,HOLOLIVEID
745,HOLOLIVVE ID
746,HOLOPRO
747,HOLOSTAR
748,HOLOSTARS
749,HOLOSTARS ARMIS
750,HOLOSTARS EN
751,HOLOSTARS ENGLISH -TEMPUS-
752,HOLOSTARS HOLOLIVE
753,HOLOSTARS ID
754,HOLOSTARS)
755,HOLOTEMPUS
756,HOMESTUCK
757,HONEYWORKS
758,HONKAI
759,HONKAI (FANDOM)
760,HONKAI : STAR RAIL
761,HONKAI IMPACT
762,HONKAI IMPACT 3
763,HONKAI IMPACT 3RD
764,HONKAI IMPACT: STAR RAIL
765,HONKAI RAIL
766,HONKAI RAIL STAR
767,HONKAI STAIR RAIL
768,HONKAI STAR RAI
769,HONKAI STAR RAIL
770,HONKAI STAR RAIL & GENSHIN IMPACT
771,HONKAI STAR RAIL (HSR)
772,HONKAI STAR RAIL 7. THE APOTHECARY DAIRIES/KUSURIYA NO HITORIGOTO
773,HONKAI STAR RAIL AND ASSORTED ORIGINAL WORKS
774,HONKAI STAR RAIL)
775,HONKAI STAR RAIL. TRIGUN STAMPEDE
776,HONKAI STAR RAIL. VTUBER
777,HONKAI STAR RAILS
778,HONKAI STAR TRAIL
779,HONKAI STAR-RAIL
780,HONKAI STARRAIL
781,HONKAI STAT RAIL
782,HONKAI)
783,"HONKAI, GENSHIN"
784,HONKAI: STAR RAIL
785,HONKAI: STAR RAIL/ BLUE ARCHIVE
786,HONKAISTARRAIL
787,HORIMIYA
788,HORROR GAMES
789,HORROR MOVIE
790,HORROR MOVIES
791,HORROR RPG
792,HOSHI NO AI
793,HOSHIMACHI SUISEI (HOLOLIVE)
794,HOSPITAL PLAYLIST
795,HOUSAMO
796,HOUSEKI NO KUNI
797,HOYOVERSE
798,HOYOVERSE (GENSHIN
799,HOYOVERSE (GENSHIN IMPACT & HONKAI STAR RAIL)
800,"HOYOVERSE (GENSHIN IMPACT, HONKAI STAR RAIL)"
801,"HOYOVERSE (GENSHIN IMPACT, HONKAI: STARRAIL)"
802,HOYOVERSE (GENSHIN IMPACT/HONKAI STAR RAIL)
803,"HOYOVERSE (GENSHIN IMPANG, HONKAI STAR RAIL)"
804,"HOYOVERSE (GENSHIN, HONKAI STAR RAIL, TEARS OF THEMIS)"
805,HOYOVERSE (HONKAI IMPACT
806,HOYOVERSE (HSR/GENSHIN) MAINLY AND ORIGINAL WORKS
807,HOYOVERSE (STAR RAIL) & MULTIFANDOM
808,HOYOVERSE GAMES
809,HOYOVERSE GAMES (GENSHIN IMPACT / HONKAI STAR RAIL)
810,"HOYOVERSE GAMES (GENSHIN IMPACT, HONKAI STAR RAIL, TEARS OF THEMIS)"
811,"HOYOVERSE STAR RAIL, GENSHIN"
812,"HOYOVERSE(GENSHIN,HONKAI STAR RAIL)"
813,HOYOVERSE(HONKAI STAR RAIL &GENSHIN IMPACT)
814,HOYOVERSE/MIHOYO
815,HOĹO LIVE
816,HSR
817,HSR (HONKAI STAR RAIL)
818,HSR HONKAI STAR RAIL
819,HSR/ORIGINAL/ARKNIGHTS
820,HTTPS://TWITTER.COM/MAKOUSHI
821,HTTPS://WWW.ARTSTATION.COM/RIBKA_NATALIA48
822,HUNTER X HUNTER
823,HUNTERXHUNTER
824,HWASAN
825,HWASN (ROBB)
826,HXH
827,HYPMIC
828,HYPNOSIS MIC
829,HYPNOSIS MICROPHONE
830,I SHALL BE THE MASTER OF THE FAMILY
831,IB
832,IDENTITY
833,IDENTITY V
834,IDENTITY V GENSHIN IMPACT HONKAI STAR RAIL
835,IDENTITYV
836,IDOL GROUP
837,IDOL PRIDE
838,IDOLISH 7
839,IDOLISH7
840,IDOLM@STER
841,IDOLM@STER SHINY COLORS
842,IDOLM@STER SHINYCOLORS
843,"IDOLM@STER, PROJECT SEKAI& VOCALOID"
844,IDOLMASTER
845,IDOLMASTER CINDERELLA GIRLS
846,IDOLMASTER SHINY COLORS
847,IDV
848,IKEMEN PRINCE
849,IKEMEN REVOLUTION
850,IKEMEN SENGOKU
851,IKEMEN VAMPIRE
852,IKEMEN VILLAIN
853,ILUSTRASI
854,IM@S (IDOLMASTER CINDERELLA GIRL)
855,IMAS
856,INAH
857,INAZUMA ELEVEN
858,INDIE GAME
859,INDIE GAMES
860,INDIE VTUBER
861,INDIE VTUBERS
862,INDIE)
863,INDO FOUNDING FATHERS
864,INDOGOV
865,INDONESIAN RAILWAYS
866,INITIAL D
867,INKTOBER
868,INNOCENT
869,INSIDE JOB
870,INTERNET POP CULTURE
871,INTO / ACROSS THE SPIDERVERSE
872,INTO THE SPIDERVERSE
873,INUYASHA
874,IRUMA
875,IRUMA KUN
876,IRUMA-KUN
877,IS THE ORDER A RABBIT?
878,ISEKAI
879,IU
880,IVE
881,J-MUSIC
882,J-POP
883,J-POP MUSIC
884,JAPANESE CRAFT
885,JBHK
886,JDM
887,JET SET RADIO
888,JIBAKU SHOUNEN HANAKO-KUN
889,JINX
890,JJBA
891,JJK
892,JJK/GOJOHIME
893,JKT 48V
894,JKT48
895,JOJO
896,JOJO BIZARE ADVENTURE
897,JOJO BIZARRE ADVENTURE
898,JOJO BIZARRE ADVENTURES
899,JOJO BIZZARE ADVENTURE
900,JOJO'S BIZARRE ADVENTURE
901,JOJO'S BIZZARE ADVENTURE
902,JOJO’S BIZZARE ADVENTURE
903,JOSIEMUKE
904,JPOP
905,JPOP (ADO
906,JRPG
907,JRPG/GACHA GAMES AND OTHER
908,JUJITSU KAISEN
909,JUJUTSU
910,JUJUTSU ETC
911,JUJUTSU KAISEN
912,JUJUTSU KAISEN & BLUE LOCK
913,JUJUTSU KAISEN & KIMETSU NO YAIBA
914,JUJUTSU KAISEN (JJK)
915,"JUJUTSU KAISEN, "
916,"JUJUTSU KAISEN, OSHI NO KO, MASHLE, GIVEN, BAND GROUP, IDOL GROUP, BL"
917,JUJUTSU KAISEN. HOLOLIVE
918,JUJUTSU KAISEN. SPY X FAMILY
919,JUJUTSU KAISER
920,JUJUTSU KAIZEN
921,JUJUTSU NO KAISEN
922,JUJUTSUKAISEN
923,JUNJI ITO
924,K-DRAMA
925,K-ON
926,K-ON!
927,K-POP
928,K-POP (NEWJEANS)
929,K-POP (STRAY KIDS
930,K-POP AND ANIME
931,K-POP NEWJEANS
932,K9
933,K9KURO
934,KAELA
935,KAFKA
936,KAGEPRO
937,KAGEROU PROJECT
938,KAGUYA SAMA LOVE IS WAR
939,KAIJU NO 8
940,KAITO KID
941,KAKEGURUI
942,KAMEN RIDER
943,KAMEN RIDER GEATS
944,KAMICHAMA KARIN
945,KAMISAMA KISS
946,KAMITSUBAKI
947,KAMITSUBAKI STUDIO
948,KAN COLLE
949,KANCOLLE
950,KANGEL
951,KANOJO OKARISHIMASU
952,KANOKARI
953,KANTAI COLLECTION
954,KATEKYO HITMAN REBORN
955,KAWAII CHARACTERS
956,KAWAIIKU
957,KDA
958,KDRAMA
959,KEKKKAI SENSEN
960,KELINCI)
961,KEMONO JIHEN
962,KENSHI YONEZU
963,KERORO GUNSO
964,KIMETSU
965,KIMETSU NO YAIBA
966,KIMETSU NO YAIBA (DEMON SLAYER)
967,"KIMETSU NO YAIBA, OSHI NO KO"
968,KIMETSU NO YAIBA.
969,KIMETSUNOYAIBA
970,KIMI NI TODDLE
971,KIMI NI TODOKE
972,KIMINO KOKKURI
973,KING OF FIGHTERS
974,KINGDOM HEARTS
975,KINGSMAN
976,KINITOPET
977,KIRBY
978,KNY
979,"KNY, VALORANT ETC"
980,KOBO
981,KOCCHIMUITTE! MIIKO
982,KOMI
983,KOMI-SAN CAN'T COMMUNICATE
984,KOMI-SAN HA KOMYUSHOU DESU
985,KOMIK
986,KOMIKMAN
987,KONOSUBA
988,KOREA
989,KPOP
990,KPOP (AESPA
991,KPOP (PLAVE
992,KPOP (PLAVE)
993,KPOP (SEVENTEEN)
994,"KPOP (SEVENTEEN, ATEEZ, THE BOYZ, NEW JEANS, LE SSERAFIM)"
995,KPOP (STRAY KIDS
996,KPOP / VTUBER
997,KPOP ENHYPEN
998,"KPOP FANDOM (STRAY KIDS, NCT 127, NCT DREAM)"
999,KPOP GROUPS
1000,KPOP SEVENTEEN
1001,KPOP+GENSHIN
1002,"KPOP, ORIGINAL, MAGICAL ANIME GIRL"
1003,KPOP/KOREAN SCENE (AESPA
1004,KUCING
1005,KUROKO NO BASUKE
1006,KUROSHITSUJI
1007,KUSURIYA
1008,KUSURIYA NO HITORIGOTO
1009,KYOU KARA MAOU
1010,LACKADAISY
1011,LANA DEL REY
1012,LCB
1013,LCF
1014,LE SSERAFIM
1015,LEAGUE OF LEGENDS
1016,LEAGUE OF LEGENDS
1017,LEFT FOR DEAD
1018,LEGEND OF ZELDA
1019,LEGO MONKIE KID
1020,LEO
1021,LETHAL COMPANY
1022,LGBTQ
1023,LGENSHIN
1024,LIBRARY OF RUINA
1025,LIFE SERIES
1026,LIGHT AND DARKNESS WEBTOON
1027,LIGHT NOVEL
1028,LIKE A DRAGON
1029,LILY
1030,LIMBUS
1031,LIMBUS COMPANY
1032,LIMBUS COMPANY (PROJECT MOON)
1033,LIMBUS COMPANY): BOCCHI THE ROCK: OMORI
1034,LIMPUS COMPANY
1035,LINK CLICK
1036,LINK:CLICK
1037,LIS BEFORE THE STORM
1038,LITTLE NIGHTMARE
1039,LIVE ACTION ROLEPLAY
1040,LIVE STREAMER
1041,LOBOTOMY CORPORATION
1042,LOKI [TVA SERIES]
1043,LOL
1044,LOL (HEARTSTEEL
1045,LOL: WILD RIFT
1046,LOOKISM
1047,LOONA
1048,LOONEY TUNES
1049,LOR
1050,LORD OF THE RINGS
1051,LOST IN THE CLOUD
1052,LOUT OF COUNT FAMILY
1053,LOUT OF COUNT'S FAMILY
1054,LOUT OF THE COUNT FAMILY
1055,LOVE & DEEP SPACE
1056,LOVE & DEEPSPACE
1057,LOVE AND DEEP SPACE
1058,LOVE AND DEEPSPACE
1059,LOVE AND DEEPSPACE / LADS
1060,LOVE LIVE
1061,LOVE LIVE NIJIGASAKI
1062,LOVE LIVE!
1063,LOVE LIVE! HASUNOSORA
1064,LOVE LIVE! NIJIGASAKI
1065,LOVE N DEEPSPACE
1066,LOVEJOY
1067,LOVELIVE: SUPERSTAR!!
1068,LOVESTRUCK)
1069,LUCY
1070,LUXIEM
1071,LYCORIS RECOIL
1072,M HAIKYUU
1073,MADE IN ABYSS
1074,MADELTA
1075,MADFATHER
1076,MADOKA MAGICA
1077,MADOMAGI
1078,MADS MIKKELSEN
1079,MAGICAL DOREMI
1080,MAGICAL GIRLS
1081,MAGIREVO
1082,MAHA5
1083,MAHO SHOUJO
1084,MAHOU SHOJO 90'S ANIME
1085,MAHOU SHOUJO
1086,MAHOU SHOUJO ANIME
1087,MAHOUTSUKAI NO YAKUSOKU
1088,MAHOUTSUKAI NO YAKUSOKU MAHOYAKU
1089,MAHOYAKU
1090,MAIMAI
1091,MAIRIMASHITA IRUMA-KUN!
1092,MAIRUMA
1093,"MAJONOTABITABI, HIBIKE EUPHONIUM, VIOLET EVERGARDEN"
1094,MAKE UP AND BEAUTY
1095,MAKOTO SHINKAI MOVIES
1096,MAMAMOO
1097,MAMANG KESBOR
1098,MANA KHEMIA
1099,MANGA
1100,MANHUA/MANHWA
1101,MANHWA
1102,MANHWA AND HOYOVERSE
1103,MANHWAS
1104,MANWHA
1105,MANY YOU CAN SEE HERE
1106,MARI
1107,MARIN
1108,MARKIPLIER
1109,MARVEL
1110,MARVEL (SPIDER-VERSE)
1111,MARVEL COMICS
1112,MARVEL FANART
1113,MARVEL. SHOUJO
1114,MASHLE
1115,MAYA PUTRI
1116,MBTI
1117,MCYT
1118,MDZS
1119,MECHA
1120,MEDALIST (MANGA) TXT (K-POP)
1121,MEDIEVAL FANTASY
1122,MEGA MAN
1123,MEGAMI TENSEI
1124,MEGAMI TENSEI SERIES
1125,MELANIE
1126,MELANIE MARTINEZ
1127,MEME
1128,MEME KUCING
1129,MEMEABLE
1130,MEMES
1131,MENCURI RADEN SALEH
1132,MERMAID MELODY
1133,MERMAID MELODY PICHI PICHI PITCH
1134,METAL GEAR
1135,METALOCALYPSE
1136,MF GHOST
1137,MHA
1138,MIHOYO
1139,MIHOYO ( HOYOVERSE )
1140,MIIKO
1141,MIKA
1142,MIKU
1143,MILGRAM
1144,MILITARY
1145,MILKA & PAPA DANIEL
1146,MILKMAN
1147,MINECRAFT
1148,MINECRAFT YOUTUBERS
1149,MIRACULOUS LADYBUG
1150,MISTBORN (WESTERN SCI-FI FANTASY)
1151,MISTERIOUS JOKER
1152,MIXED
1153,MIXED FANDOM
1154,ML
1155,MLBB
1156,MLM NOVELS
1157,MLQC
1158,MMORPG
1159,MO DAO ZU SHI
1160,MOB
1161,MOB 100
1162,MOB PSYCHO
1163,MOB PSYCHO 100
1164,MOB PSYCHO100
1165,MOB PYSCHO 100
1166,MOB SPYCHO
1167,MOB100
1168,MOBILE GAME
1169,MOBILE GAME ( STAR RAIL
1170,MOBILE GAMES
1171,MOBILE LEGEND
1172,MOBILE LEGEND BANG BANG
1173,MOBILE LEGENDS
1174,MOBILE LEGENDS: BANG BANG
1175,MOBILE SUIT GUNDAM : THE WITCH FROM MERCURY)
1176,MON PSYCHO
1177,MONKIE KID
1178,MONOGATARI
1179,MONOGATARI SERIES
1180,MONONOKE
1181,MONSTER
1182,MONSTER HIGH
1183,MONSTER HUNTER
1184,MOOMIN
1185,MOON KNIGHT
1186,MORE KHH&KRNB)
1187,MORIARTY THE PATRIOT
1188,MORIATY THE PATRIOT
1189,MORTAL KOMBAT
1190,MOVIE
1191,MOVIES
1192,MP100
1193,MRS
1194,MULTI-FANDOM WESTERN MEDIA
1195,MULTIFANDOM
1196,MURDER DRONE
1197,MUSHOKU TENSEI
1198,MUSIC
1199,MXTX
1200,MY DRESS-UP DARLING
1201,MY DRESS-UP DARLING MANGA SERIES
1202,MY HAPPY MARRIAGE
1203,MY HERCO ACADEMIA
1204,MY HERO ACA
1205,MY HERO ACADEMIA
1206,MY HERO ACADEMIA (MHA)
1207,MY HERO ACADEMIA (MHA) / BOKU NO HERO ACADEMIA (BNHA)
1208,MY LITTLE PONY
1209,MY NEW BOSS IS GOOFY
1210,MY S CLASS HUNTER (MANHWA)
1211,MY S CLASS HUNTERS
1212,MY S-CLASS HUNTER
1213,MY S-CLASS HUNTERS
1214,MYDRESSUP
1215,MYGO!!!!!
1216,MYSTIC MESSENGER
1217,N/A
1218,NANA
1219,NANA. JJK
1220,NANAMI AERITHIA
1221,NARUTO
1222,NATSUME
1223,NATSUME YUUJINCHOU
1224,NCT
1225,NCT 127
1226,NCT DREAM
1227,NCT DREAM)
1228,NECO ARC
1229,NEEDY GIRL OVERDOSE
1230,NEEDY STREAMER OVERDOSE
1231,NEEDY STREAMER OVERLOAD
1232,NEKO ATSUME
1233,NEO-PORTE
1234,NEON GENESIS EVANGELION
1235,NEURAL CLOUD
1236,NEW JEANS
1237,NEW JEANS)
1238,NEW JEANS.
1239,NEWJEANS
1240,NIER
1241,NIER AUTOMATA
1242,NIER REPLICANT
1243,NIER: AUTOMATA
1244,NIJI EN
1245,NIJI ID
1246,NIJI JP
1247,NIJIEN
1248,NIJIID
1249,NIJISAMROFMAO
1250,NIJISANJI
1251,NIJISANJI (EN & JP)
1252,NIJISANJI (LUXIEM)
1253,NIJISANJI (TENTATIVE) (ANIKARA)
1254,NIJISANJI (VTUBER)
1255,NIJISANJI EN
1256,NIJISANJI EN)
1257,"NIJISANJI EN, VTUBER INDIE"
1258,NIJISANJI EX-ID & EN
1259,NIJISANJI ID
1260,NIJISANJI JP
1261,NIJISANJI JP & ID
1262,NIJISANJI)
1263,NIJISANJI-ID
1264,NIJISANJIEN
1265,NIKI
1266,NIKKE
1267,NIKKE GODDESS OF VICTORY
1268,NINJAGO
1269,NINO
1270,NINTENDO
1271,NITW
1272,NO
1273,NO FANDOM
1274,NOCTYX
1275,NOGIZAKA46
1276,NON-FANDOM
1277,NON-FANDOM.
1278,NON-SPECIFIC ANIME-ORIENTED
1279,NOPE.
1280,NORAGAMI
1281,NOT ALL BUT HOLOLIVE & GACHA GAME RELATED MOSTLY
1282,NOT THAT KIND OF TALENT (MANHWA)
1283,NOVEL
1284,NSO
1285,NU : CARNIVAL
1286,NU CARNIVAL
1287,NU-CARNIVAL
1288,NU: CARNI
1289,NU: CARNIVAL
1290,NU:CARNIVAL
1291,NUCARNIVAL
1292,NWJNS
1293,OBEY ME
1294,OBEY ME!
1295,OBJECT SHOW
1296,OBJECT SHOWS
1297,OC
1298,OC / ORIGINAL
1299,OC ORIGINAL
1300,OCS
1301,OFF
1302,OHSAMA SENTAI KINGOHGER
1303,OHSHC
1304,OJYA MAJO DOREMI
1305,OKAMI
1306,OM!
1307,OMFD
1308,OMNICENT READER VIEWPOINT
1309,OMNICENT READERS
1310,OMNISCENT READER VIEWPOINT
1311,OMNISCIENT READER
1312,OMNISCIENT READER (ORV)
1313,OMNISCIENT READER PERSONA 5
1314,OMNISCIENT READER VIEW
1315,OMNISCIENT READER VIEWPOINT
1316,OMNISCIENT READER VIEWPOINT (ORV)
1317,OMNISCIENT READER'S POV
1318,OMNISCIENT READER'S VIEWPOINT
1319,OMNISCIENT READER'S VIEWPOINT (ORV)
1320,OMNISCIENT READER'S VIEWPOINT / ORV
1321,OMNISCIENT READERS VIEWPOINT
1322,OMNISCIENT READER’S VIEWPOINT
1323,OMNYOJI
1324,OMORI
1325,OMORI AND PROJECT SEKAI
1326,OMYOJI
1327,ONE OK ROCK
1328,ONE PIECE
1329,"ONE PIECE, GENSHIN"
1330,"ONE PIECE, JUJUTSU KAISEN"
1331,ONE PIECE.
1332,ONE PUNCH MAN
1333,ONE-PUNCH MAN
1334,ONEPIECE
1335,ONEPUNCHMAN
1336,ONESHOT
1337,ONII-CHAN WA OSHIMAI! / ONIMAI
1338,ONK
1339,ONMYOJI
1340,ONMYOUJI
1341,OPM
1342,OPPENHEIMER
1343,"ORANGE CAT, COMEDY COMICS"
1344,ORI (SAMBAT HIDUP DAN KERJA)
1345,ORIGINAL
1346,ORIGINAL (ANIMAL)
1347,ORIGINAL (ANIMALS THEMED) ATTACK ON TITAN
1348,ORIGINAL (BLOOD INK)
1349,ORIGINAL (BUNGA HAMSTER KELINCI)
1350,ORIGINAL (CAT
1351,ORIGINAL (CAT)
1352,"ORIGINAL (CAT, FOOD, ETC)"
1353,ORIGINAL (CATS
1354,ORIGINAL (DUCK)
1355,ORIGINAL (KUCING
1356,ORIGINAL (OC)
1357,ORIGINAL ART
1358,ORIGINAL ART (CATS)
1359,ORIGINAL ART (OC
1360,ORIGINAL ART (PET)
1361,"ORIGINAL ART AND CRAFT (RESIN,CLAY, CROCHET)"
1362,"ORIGINAL ART, VINTAGE CARTOON"
1363,ORIGINAL ARTS
1364,ORIGINAL ARTWORK
1365,ORIGINAL ARTWORKS
1366,ORIGINAL BL
1367,ORIGINAL CAT
1368,ORIGINAL CATS (SUNNYCAT)
1369,ORIGINAL CHARA
1370,ORIGINAL CHARACTER
1371,ORIGINAL CHARACTER & ADVENTURE TIME
1372,ORIGINAL CHARACTER (OC)
1373,"ORIGINAL CHARACTER, GENSHIN, HSR, HILICHURL, RESIDENT EVIL"
1374,ORIGINAL CHARACTER/WORK
1375,ORIGINAL CHARACTERS
1376,ORIGINAL CHARACTERS (OC)
1377,ORIGINAL CONTENT
1378,ORIGINAL CRAFT DSB
1379,"ORIGINAL CUTE ANIMAL & FOOD, CHARACTER"
1380,"ORIGINAL CUTE ANIMALS (CATS, FISH, BIRDS ETC.)"
1381,ORIGINAL CUTE PET
1382,ORIGINAL DLL
1383,ORIGINAL DOUJIN
1384,ORIGINAL GAME
1385,ORIGINAL GOODS
1386,ORIGINAL HANDCRAFTED ITEMS
1387,ORIGINAL HANDMADE CRAFTS
1388,ORIGINAL ILLUSTRATION
1389,ORIGINAL IP
1390,ORIGINAL KOMIK
1391,"ORIGINAL LOCAL BRAND, GAME, COMIC, APPAREL"
1392,ORIGINAL LOCAL DESIGNER TOYS
1393,ORIGINAL MERCH
1394,ORIGINAL MERCHANDISE.
1395,ORIGINAL MUSIC
1396,ORIGINAL PRODUCT FROM INDONESIA 100% KOMIK LOKAL
1397,ORIGINAL WEBTOON
1398,ORIGINAL WORK
1399,ORIGINAL WORKS
1400,ORIGINAL WORKS (PACCA THE FLUFFIEST ALPACA)
1401,"ORIGINAL WORKS, DANMEI"
1402,"ORIGINAL, ANIMAL, DND"
1403,"ORIGINAL, HOLOLIVE"
1404,"ORIGINAL, MULTIFANDOM"
1405,ORIGINAL.
1406,ORIGINAL. GENSHIN IMPACT
1407,ORIGINAL. WEBTOON
1408,ORIGINAL/MISC (BEADED ACCESSORIES/JEWELRIES)
1409,ORIGINALS
1410,ORIGINALS & ANIMALS
1411,ORV
1412,ORV (OMNISCIENT READER VIEWPOINT)
1413,ORV(OMNISCIENT READER VIEWPOINT)
1414,OSHI NO KO
1415,OSHINOKO
1416,OSOMATSU
1417,OTENJOU VANYA
1418,OTHER ANIME
1419,OTHER FANDOM
1420,OTHER WORKS
1421,OTHERS
1422,OTOME
1423,OTOME GAME
1424,"OTOME GAME, 07 GHOST , VTUBER , ORIGINAL (FOOD)"
1425,OTOME GAMES
1426,OUR FLAG MEANS DEATH
1427,OURAN HIGH SCHOOL HOST CLUB
1428,OURAN HIGHSCHOOL HOST CLUB
1429,OUSAMA RANKING
1430,OUTLAST
1431,OVER THE GARDEN WALL
1432,OVERWATCH
1433,OVERWATCH 2
1434,OYASUMI PUNPUN
1435,PALWORLD
1436,PANDACLIP
1437,PANDORA HEARTS
1438,PANTY AND STOCKING
1439,PANTY AND STOCKING WITH GARTERBELT
1440,PARADOX LIVE
1441,PASTURI GAJE WEBTOON
1442,PATH TO NOWHERE
1443,PENGUINS OF MADAGASCAR
1444,PEPE THE FROG
1445,PERCY JACKSON
1446,PERFUME EDT
1447,PERSONA
1448,PERSONA (SERIES)
1449,PERSONA 3
1450,PERSONA 3&4&5 ORIGINAL TEMPUS NIJISANJI GENSHIN SPY X FAMILY HOUSEKI NO KUNI HSR
1451,PERSONA 3/4/5
1452,PERSONA 4
1453,PERSONA 5
1454,PERSONA 5 ROYAL
1455,PERSONA SERIES
1456,PERSONA SERIES (MAINLY 3)
1457,PERSONA(3
1458,PERSONA.
1459,PERSONA5
1460,PET
1461,PET (ORIGINAL)
1462,PET CAT/KUCING (ORIGINAL)
1463,PET/ANIMAL
1464,PETRA GURIN (VTUBER
1465,PETS FANDOM
1466,PGR
1467,PGR (PUNISHING: GRAY RAVEN)
1468,PHIGROS
1469,PHONECASE DECO
1470,PIKMIN
1471,PIKMIN 4
1472,PINNOCHIOP
1473,PJ SEKAI
1474,PJSEKAI
1475,PJSK
1476,PLANNER STICKERS
1477,PLANT VS ZOMBIE
1478,PLAVE
1479,"PLAVE, OMNISCIENT READER'S VIEWPOINT, LOVE AND DEEPSPACE, BLUE LOCK, HAZBIN HOTEL, MORTAL KOMBAT"
1480,PLAY IT COOL GUYS/COOL DOJI DANSHI
1481,PLAYSTATION 1 GAMES
1482,POCKET MIRROR
1483,POKEMIKU
1484,POKEMIKU PROJECT VOLTAGE
1485,POKEMOM
1486,POKEMON
1487,POKEMON & FFXIV
1488,POKEMON ZENLESS ZONE ZERO
1489,"POKEMON, GHIBLI, RETRO ANIME"
1490,"POKEMON,NEKO,SHIBA AND GHBILI"
1491,POKÉ
1492,POKÉMON
1493,POLYMER CLAYS
1494,POP TEAM EPIC
1495,POPEE THE PERFORMER
1496,POPPY PLAYTIME (SMILING CRITTERS)
1497,POTN
1498,POU
1499,POWER RANGERS
1500,POWERPUFF GIRLS
1501,POWERPUFF GIRLS Z
1502,PRECURE
1503,PRESSURE
1504,PRETTY CURE
1505,PRICONNE
1506,PRIDE
1507,PRINCESS CONNECT
1508,PROJECT MOON
1509,PROJECT MOON (LOBCORP
1510,PROJECT MOON/LIMBUS COMPANY
1511,PROJECT SEKAI
1512,PROJECT SEKAI / VOCALOID
1513,PROJECT SEKAI COLORFUL STAGE
1514,PROJECT SEKAI COLOURFUL STAGE FEAT. HATSUNE MIKU
1515,PROJECT SEKAI. GENSHIN IMPACT
1516,PROJECT SEKAI/VOCALOID
1517,PROJECT SEKAI: COLORFUL STAGE FT . HATSUNE MIKU
1518,PROJECT SEKAI: COLORFUL STAGE!
1519,PROJECT SEKAI: COLORFUL STAGE! FEAT HATSUNE MIKU
1520,PROJECT SEKALI
1521,PROJECT ZOMBOID
1522,PROJECT:VOLTAGE
1523,PROJECT SEKAI
1524,PROMARE
1525,PROMISED NEVERLAND
1526,PROPAGANDA WWII
1527,PROSEKA
1528,PROSEKA (PROJECT SEKAI)
1529,PROSEKA)
1530,PROSEKAI
1531,PRSK
1532,PSYCHO PASS
1533,PUELLA MADOKA MAGICA
1534,PUELLA MAGI MADOKA MAGICA
1535,PUNISHING GRAY RAVEN
1536,PUNISHING: GRAY RAVEN
1537,PUROSEKA
1538,PUSS IN BOOTS
1539,QSMP
1540,R18
1541,R1999
1542,R6
1543,RACING CARS
1544,RAGNAROK
1545,RAGNAROK ONLINE
1546,RAIN WORLD
1547,RAINBOW SIX SIEGE
1548,RANBOO
1549,RANDOM
1550,RAVEANNE
1551,RE
1552,RE:ZERO
1553,READ DEAD REDEMPTION 2
1554,RECORD OF RAGNAROK
1555,RED DEAD REDEMPTION 2
1556,RED VELVET
1557,REGRETEVATOR
1558,RENAI KARICHAIMASHITA
1559,RESIDENT EVIL
1560,RESIDENT EVIL. KIRBY
1561,RESIN
1562,RETRO & VINTAGE MERCH
1563,RETRO ANIME
1564,RETRO SHOUJO MANGA / ANIME
1565,REVERSE
1566,REVERSE 1999
1567,REVERSE : 1999
1568,REVERSE1999
1569,REVERSE: 1999
1570,REVERSE:1999
1571,REVUE STARLIGHT
1572,REYNARD
1573,RHYTHM GAME
1574,RHYTHM GAME MUSIC
1575,RIDDLE JOKER
1576,RIIZE
1577,RIMU
1578,RISOTTO GAMBINO
1579,RIVER CITY GIRLSREVERSE 1999
1580,RI_KOMIK - ORIGINAL
1581,ROMANCE&SHOUJO ANIME
1582,ROTTMNT
1583,ROZEN MAIDEN
1584,RPG GAME (GENSHIN
1585,RPG GAMES
1586,RPG HORROR
1587,RPG MAKER GAME
1588,RPG MAKER GAMES
1589,RPG MAKER HORROR
1590,RPG MAKER/IB
1591,RPG PIXEL GAME
1592,RPGMAKER
1593,RUNE FACTORY
1594,RUROUNI KENSHIN
1595,RYTHM GAME
1596,RYU GA GOTOKU
1597,S CLASS
1598,S CLASS HUNTER
1599,S-CLASS
1600,SABRINA CARPENTER
1601,SACABAMBASPIS
1602,SACABAMBASPIS (??)
1603,SAIKI K
1604,SAILOR MOON
1605,SAILORMOON
1606,SAINT SEIYA
1607,SAKAMOTO DAYS
1608,SAKAMOTO DAYS (MANGA)
1609,SAKURAZAKA46
1610,SAM AND MAX
1611,SAMURAI X
1612,SANRIO
1613,SASAKI TO MIYANO
1614,SATOSHI KON
1615,SCARLET NEXUS
1616,SCLASS
1617,SCOTT PILGRIM
1618,SCOTT PILGRIM: TAKES OFF
1619,SCP FOUNDATION
1620,SCTIR
1621,SCUM VILLAIN
1622,SEAL ONLINE
1623,SEASONAL ANIME
1624,SEIYUU
1625,SELF-DEVELOPMENT
1626,SENA
1627,SENGOKU A LIVE
1628,SENKA
1629,SENREN BANKA
1630,SERIAL EXPERIMENTS LAIN
1631,SESAME STREET
1632,SEVENTEEN
1633,SEVENTEEN (K-IDOLGROUP)
1634,SEVENTEEN (K-POP)
1635,SEVENTEEN (KPOP)
1636,SEVENTEEN (KPOP) HONKAI STAR RAIL
1637,SEWAYAKI KITSUNE NO SENKO-SAN
1638,SHADOW & BONE
1639,SHADOWVERSE
1640,SHAMAN KING
1641,SHANGRI-LA FRONTIER
1642,SHANGRILA FRONTIER
1643,SHE-RA PIRNCESS OF POWER (2019)
1644,SHE-RA THE PRINCESS OF POWER
1645,SHERLOCK HOLMES
1646,SHIBA RIE
1647,SHIGURE UI
1648,SHIN MEGAMI TENSEI
1649,SHIN MEGAMI TENSEI/PERSONA
1650,SHINCHAN
1651,SHOKUGEKI NO SOUMA
1652,SHONEN ANIME (ATTACK ON TITAN
1653,SHONEN JUMP
1654,SHOTO
1655,SHOUJO
1656,SHOUJO ANIME
1657,SHOUJO MANGA
1658,SHOUNEN
1659,"SHOUNEN, VTUBER, ATARASHII GAKKO!"
1660,SHOWA ERA ANIME
1661,SHREK (OH Y ITU NTAR SHREK GANTENGNYA JADI FR
1662,SHTDN
1663,SHUGO CHARA
1664,SHXTOU VTUBER
1665,SHYLILY - VTUBER
1666,SIGN OF AFFECTION
1667,SIGNALIS
1668,SILENT HILL
1669,SIMPSONS
1670,SK8
1671,SK8 THE INFINITY
1672,SKETCH DANCE
1673,SKIP & LOAFER
1674,SKIP AND LOAFER
1675,SKIP AND LOAFERS
1676,SKIP TO LOAFER
1677,SKIP&LOAFER
1678,SKULLGIRLS
1679,SKY
1680,SKY CHILDREN OF THE LIGHT
1681,SKY COTL
1682,SKY: CHILDREN OF LIGHT
1683,SKY: CHILDREN OF THE LIGHT.
1684,SKY:COTL
1685,SKYCOTL
1686,SKZ
1687,SLAM DUNK
1688,SLAMDUNK
1689,SLEEP TOKEN
1690,SLICE OF LIFE
1691,SLOW DAMAGE
1692,SMT
1693,SNSD)
1694,SOLO LAVELING
1695,SOLO LEVELING
1696,SOME ORIGINAL ART AND FF14
1697,SONIC
1698,SONIC HE HEDGEHOG
1699,SONIC THE HEDGEHOG
1700,SOUL EATER
1701,SOULS GAMES
1702,SOULSBORNE
1703,SOUSOU NO FRIEREN
1704,SOUTH PARK
1705,SPIDER MAN ACROSS THE SPIDER VERSE
1706,SPIDER VERSE
1707,SPIDER-MAN
1708,SPIDER-PUNK
1709,SPIDER-VERSE
1710,SPIDER-VERSE: ATSV
1711,SPIDERMAN
1712,SPIDERMAN ATSV
1713,SPIDERMAN SPIDERVERSE
1714,SPIDERVERSE
1715,SPIDERVERSE (ANIMATED MOVIE)
1716,SPIDERVERSE X ANIME CROSSOVER
1717,SPIKE JONZE FILMS
1718,SPIRITED AWAY
1719,SPLATOON
1720,SPONGEBOB
1721,SPORTS ANIME (HAIKYUU
1722,SPY FAMILY
1723,SPY X FAM
1724,SPY X FAMILY
1725,SPY × FAMILY
1726,SPYXFAM
1727,SPYXFAMILY
1728,SPY×FAMILY
1729,STAR RAIL
1730,STAR WAR
1731,STAR WARS
1732,STARDEW VALLEY
1733,STARRAIL
1734,STEINS
1735,STEVEN UNIVERSE
1736,STICKER RECEH
1737,STICKFIGURES
1738,STIDIO GHIBLI
1739,STL
1740,STRANGER THINGS
1741,STRAY KIDS
1742,STREAMER
1743,STREAMER VTUBER
1744,STREAMERS
1745,STREET FIGHTER
1746,STREET FIGTHER
1747,STREETFIGHTER
1748,STUDIO GHIBLI
1749,SUGAR APPLE FAIRY TALE
1750,SUIKODEN
1751,SUMMER POCKETS
1752,SUPER JUNIOR
1753,SUPER MARIO BROS
1754,SUPER SENTAI
1755,SUPERHERO
1756,SUPERNATURAL
1757,SUPER SENTAI
1758,SUZUME
1759,SUZUME NO TOJIMARI
1760,SVT
1761,SXF
1762,SYMPHOGEAR
1763,T1
1764,TACTICAL
1765,TADC
1766,TALE OF FOOD
1767,TALES OF SERIES
1768,TALES OF ZESTIRIA
1769,TAMAGOTCHI
1770,TAMAGOTCHI)
1771,TAMANEKO MEIRIYA
1772,TAMEN DE GUSHI
1773,TANDUK PUTIH
1774,TAROT READING
1775,TAYLOR SWIFT
1776,TBHK
1777,TCF
1778,TEAM FORTRESS 2
1779,TEAR OF THEMIS
1780,TEARS OF THE KINGDOM
1781,TEARS OF THEMIS
1782,TEKKEN
1783,TEKKEN 8
1784,TEKKEN.
1785,TENGOKU DAIMAKYOU
1786,TENSAI OUJI
1787,TENSURA
1788,TENTEN KAKUMEI
1789,TF2
1790,TGAA
1791,TGCF
1792,THAILAND
1793,THAT'S NOT MY NEIGHBOR
1794,THE AMAZING DIGIAL CIRCUS
1795,THE AMAZING DIGITAL CIRCUS
1796,THE AMAZING WORLD OF GUMBALL
1797,THE APOTHECARY DIARIES
1798,THE BEAR
1799,THE BOYS
1800,THE BOYZ
1801,THE GRAY GARDEN
1802,THE GREAT ACE ATTORNEY
1803,THE GREATEST ESTATE DEVELOPER
1804,THE GUY SHE WAS INTERESTED IN WASN’T A GUY AT ALL
1805,THE HUSKY AND HIS WHITE CAT SHIZUN
1806,THE IDOLM@STER
1807,THE IDOLM@STER SHINY COLORS
1808,THE LAST OF US
1809,THE LAST OF US 2
1810,THE LEGEND OF ZELDA
1811,THE LEGEND OF ZELDA: TEARS OF THE KINGDOM
1812,THE MAGNUS ARCHIVES
1813,THE MASTERFUL CAT
1814,THE MASTERFUL CAT IS DEPRESSED AGAIN TODAY
1815,THE OWL HOUSE
1816,THE PROMISED NEVERLAND
1817,THE RAVAGES OF TIME
1818,THE S-CLASSES THAT I RAISED
1819,THE SANDMAN
1820,THE SUMMER HIKARU DIED.
1821,THE WITCHER
1822,THE WORLD ENDS WITH YOU
1823,"THEAMAZINGDIGITALCIRCUS, HAZBINHOTEL, QSMP, CHUCKLESANDWICH"
1824,THREE LIFETIMES
1825,TIANGUANCIFU + MODAOZUSHI
1826,TINTIN
1827,TKA
1828,TMNT
1829,TOHOU PROJECT
1830,TOILET BOUND HANAKO-KUN
1831,TOILET BOUND HANAKOKUN
1832,TOILET-BOUND HANAKO KUN
1833,TOILET-BOUND HANAKO-KUN
1834,TOKAL
1835,TOKREV
1836,TOKUSATSU
1837,TOKYO ALIENS
1838,TOKYO GHOUL
1839,TOKYO MEW MEW
1840,TOKYO REVENGER
1841,TOKYO REVENGERS
1842,TOKYOREVENGERS
1843,TOM & JERRY
1844,TOMBOYS
1845,TOMIE
1846,TOMORROW X TOGETHER
1847,TONDEMO SKILL
1848,TOP GUN
1849,TOT
1850,TOUHOU
1851,TOUHOU PROJECT
1852,"TOUHOU PROJECT, ARKNIGHTS"
1853,TOUKEN RANBU
1854,TOWER OF GOD
1855,TOY STORY
1856,TRADITIONAL JAPANESE
1857,TRAFFIC LIFE
1858,TRAILS / KISEKI
1859,TRANSFORMER
1860,TRANSFORMERS
1861,TRASH COUNT FAMILY
1862,TRASH OF COUNT FAMILY
1863,TREASURE
1864,TRIGUN
1865,TRIGUN STAMPADE
1866,TRIGUN STAMPEDE
1867,TROUBLE CHOCOLATE
1868,TRPG
1869,TSUKIHIME
1870,TSUKIPRO
1871,TSUKIUTA
1872,TSUM TSUM
1873,TSURUNE
1874,TTRPG
1875,TTRPG HORROR
1876,TURNIP (WORTELSOUP)
1877,TUYU
1878,TV SHOWS
1879,TWICE
1880,TWISTED WONDERLAND
1881,TXT
1882,TXT (K-POP)
1883,TXT (KPOP)
1884,TXT KPOP
1885,UKIYO-E
1886,ULTRAKILL
1887,ULTRAMAN
1888,UMA MUSUME
1889,UMA MUSUME PRETTY DERBY
1890,UMA MUSUME ROAD TO THE TOP
1891,UMAMUSUME
1892,UMARU-CHAN
1893,UMIBE NO ETRANGER
1894,UMINEKO
1895,UNDEAD UNLUCK
1896,UNDERTALE
1897,UNDERTALE & DELTARUNE
1898,UNDERTALE/DELTARUNE
1899,UNDERTALE/DELTARUNE/ TOBY FOX GAME RPG
1900,UNNAMED (VTUBER)
1901,UPIN & IPIN
1902,URASHIMASAKATASEN
1903,UT/DR
1904,UTAITE
1905,UTAPRI
1906,UTAU
1907,UTDR
1908,V TUBER
1909,V-TUBER
1910,V-TUBER (HOLOLIVE & NIJISANJI)
1911,V-TUBERS
1912,V.W.P (VIRTUAL WITCH PHENOMENONE)
1913,VA-11 HALL-A
1914,VALO
1915,VALORANT
1916,VALORANT & DOTA 2
1917,VALORANT AND ORIGINAL ARTWORKS
1918,VALORANT)
1919,"VALORANT, GENSHIN, ADVENTURE TIME, V-TUBER, GUNDAM WITCH MERCURY"
1920,"VALORANT, LEAGUE OF LEGENDS"
1921,"VALORANT, OVERWATCH"
1922,VANITAS
1923,VANITAS NO CARTE
1924,VARIOUS
1925,VARIOUS ANIME
1926,VARIOUS ANIME (OLD AND NEW)
1927,VARIOUS ANIMES
1928,VARIOUS FANDOM
1929,VARIOUS GAMES
1930,VERSUS AMBIVALENZ
1931,VIDEO GAME
1932,VIDEO GAMES
1933,VINLAND SAGA
1934,VIOLET EVERGARDEN
1935,VIRTUAL YOUTUBER
1936,VIRTUAL YOUTUBER (VTUBER)
1937,VIRTUAL YOUTUBER / VTUBER
1938,VIRTUAL YOUTUBER GROUP ENIGMYST PROJECT
1939,VIRTUAL YOUTUBER INDONESIA
1940,VISUAL KEI
1941,VISUAL NOVEL
1942,VITUBER
1943,VIVIZ
1944,VKEI
1945,VN UMINEKO
1946,VNC
1947,VOCALOID
1948,VOCALOID [EVILLIOUS SERIES]
1949,VOCALOID/HATSUNE MIKU
1950,VOCALOID/PJSK
1951,VOCALOID/PROJECT SEKAI
1952,VOCALOID/VOCAL SYNTH
1953,VSHOJO
1954,VSHOUJO
1955,VSPO
1956,VSPO!
1957,VTUBER
1958,VTUBER (AISATSET ID)
1959,VTUBER (HOLOLIVE ID)
1960,VTUBER (HOLOLIVE)
1961,"VTUBER (HOLOLIVE, NIJISANJI)"
1962,VTUBER (INDIE
1963,VTUBER (INDIE)
1964,VTUBER (NIJI+HOLO)
1965,VTUBER (NIJISANJI & HOLOLIVE)
1966,VTUBER (NIJISANJI EN)
1967,VTUBER (NIJISANJI)
1968,"VTUBER (NIJISANJI, VSHOJO)"
1969,VTUBER (PHASE CONNECT
1970,VTUBER (PLAVE)
1971,VTUBER (VSHOUJO
1972,VTUBER AGENCY
1973,VTUBER DAN PERSONAL CHARACTER
1974,VTUBER EN
1975,VTUBER GROUP
1976,VTUBER HOLOLIVE
1977,VTUBER INDIE
1978,VTUBER INDONESIA
1979,VTUBER NIJISANJI EN
1980,VTUBER RELATED CONTENT
1981,VTUBER(HOLOLIVE
1982,VTUBER(HOLOLIVE &NIJISANJI)
1983,VTUBER(NIJISANJI/HOLOLIVE)
1984,"VTUBER, GENSHIN, HSR"
1985,"VTUBER, HOLOLIVE, GENSHIN IMPACT, HONKAI STAR RAIL"
1986,"VTUBER, POKEMON, BLUE ARCHIVE"
1987,"VTUBER, VALORANT"
1988,VTUBERS
1989,VTUBERS (MORE STUFFS TBA)
1990,VTUBERS (NIJISANJI
1991,VTUBERS: HOLOSTAR
1992,VWP
1993,WARFRAME
1994,WARHAMMER
1995,WARHAMMER 40000
1996,WARHAMMER 40K
1997,WATANARE
1998,WAVE TO EARTH
1999,WE BARE BEARS
2000,WEAK HERO
2001,WEBTOON
2002,WEDNESDAY (NETFLIX 2022)
2003,WES ANDERSON FILMS
2004,WESTERN
2005,WESTERN CARTOONS
2006,WESTERN MOVIES/SERIES/ANIMATION
2007,WHA
2008,WINDAH BASUDARA
2009,WINNER
2010,WINTER AND COFFEE ORIGINAL WORKS
2011,WITCH HAT ATELIER
2012,WITCH HOUSE
2013,WIZARDING WORLD
2014,WONG KAR WAI FILMS)
2015,WOODZ
2016,WOTAKOI
2017,WUTHERING WAVES
2018,X-MEN
2019,XDINARY HEROES
2020,XG
2021,XG)
2022,YAGATE KIMI NI NARU
2023,YAKUZA
2024,YAKUZA SERIES
2025,YAMA NO SUSUME
2026,YAMADA 999
2027,YOASOBI
2028,YONA OF THE DAWN
2029,YORUSHIKA
2030,YOSTAR-VERSE (ARKNIGHTS
2031,YOTSUBA
2032,YOTSUBA&
2033,YOUR LIE IN APRIL
2034,YOUR TURN TO DIE
2035,YOUTUBE
2036,YOUTUBER
2037,YOUTUBERS
2038,YOWAMUSHI PEDAL
2039,YU YU HAKUSHO
2040,YU-GI-OH
2041,YU-GI-OH!
2042,YUBISAKI TO RENREN
2043,YUGI OH
2044,YUGI-OH
2045,YUGIOH
2046,YUGIOH DUEL MONSTERS
2047,"YUGIOH,TOKUSATSU,HOYOVERSE,VTUBER"
2048,YUMIE TSUCHINOKO (VTUBER)
2049,YURI
2050,YURI / GL
2051,YURI ON ICE
2052,YURI ORIGINAL
2053,YURI!! ON ICE
2054,YURI/GIRLS LOVE
2055,YURI/GL
2056,"YURI/GL, WEBTOON"
2057,YURU CAMP
2058,YURUCAMP
2059,YUTA
2060,ZB1
2061,ZEKTBACH
2062,ZELDA
2063,ZELDA BREATH OF THE WILD
2064,ZELDA TOTK
2065,ZELDA: TOKT
2066,ZENLESS ZEN ZERO
2067,ZENLESS ZONE ZERO
2068,ZENLESS ZONE ZERO ORIGINAL
2069,ZENO
2070,ZEROBASEONE
2071,ZETA
2072,ZOM 100
2073,ZOM100
2074,ZOMBIELAND SAGA
2075,ZUTOMAYO
2076,ZZZ
