string,fandom
DEAD MOUNT DEAD PLAY,Dead Mount Death Play
DEATH NOTE,Death Note
GENJUTSU NO YOHANE,Genjitsu no Yohane
MEDALIST (MANGA) TXT (K-POP),Medalist
MONONOKE,Mononoke
SPIRITED AWAY,Spirited Away
SUZUME,Suzume
SUZUME NO TOJIMARI,Suzume
ARIA,Aria
DARK GATHERING,Dark Gathering
DAOMU BIJI,DMBJ
DANMEI (MXTX),MXTX
DANMEI TGCF,TGCF
HWASAN,Hwasan
HWASN (ROBB),Hwasan
I SHALL BE THE MASTER OF THE FAMILY,I Shall be the Master of this Family
INDONESIAN RAILWAYS,Railfans
BLACKSTAR: THEATER STARLESS,BlackStar
ASTRALAIR NO SHIROKI TOWA,AstralAir
DA CAPO 5,Da Capo 5
NOT THAT KIND OF TALENT (MANHWA),I'm Not That Kind Of Talent
LIGHT AND DARKNESS WEBTOON,Light and Darkness
LOST IN THE CLOUD,Lost in the Cloud
DC,DC
DC BATFAMILY,DC
DC COMIC,DC
DC COMICS,DC
DC HEROES,DC
DEADPOOL,Deadpool
MOON KNIGHT,Moon Knight
EIGHTY SIX,86
86,86
(G)I-DLE,(G)I-DLE
07 GHOST,07 Ghost
100 GECS,100 gecs
100 KANOJO,100 Kanojo
19 DAYS,19 Days
19DAYS,19 Days
20TH CENTURY BOYS,20th Century Boys
22/7,22/7
NOGIZAKA46,46 Entertainment
SAKURAZAKA46,46 Entertainment
9-NINE,9-Nine
A SIGN OF AFFECTION,A Sign of Affection
SIGN OF AFFECTION,A Sign of Affection
YUBISAKI TO RENREN,A Sign of Affection
A3,A3
A3!,A3
ACE ATTORNEY,Ace Attorney
DAIGYAKUTEN SAIBAN (THE GREAT ACE ATTORNEY),Ace Attorney
TGAA,Ace Attorney
THE GREAT ACE ATTORNEY,Ace Attorney
DAIYA NO ACE,Ace of Diamond
DIAMOND NO ACE,Ace of Diamond
ADO,Ado
JPOP (ADO,Ado
ADVENTURE TIME,Adventure Time
ADVENTURE TIME (WESTERN FANDOM),Adventure Time
ADVETURE TIME,Adventure Time
FIONA AND CAKE,Adventure Time
FIONNA AND CAKE,Adventure Time
AESPA,aespa
AESPA),aespa
AGGRETSUKO,Aggretsuko
AIKATSU,Aikatsu
AKATSUKI NO YONA,Akatsuki no Yona
AKAYONA,Akatsuki no Yona
YONA OF THE DAWN,Akatsuki no Yona
AKIRA,Akira
ALCHEMY STARS,Alchemy Stars
ALDNOAH ZERO,Aldnoah Zero
ALICE IN BORDERLAND,Alice in Borderland
ALIEN STAGE,ALNST
ALIEN STAGE (ALNST),ALNST
AMONG US,Among Us
AMPHIBIA,Amphibia
ANGEL OF DEATH,Angels of Death
ACNH,Animal Crossing
ANIMAL CROSSING,Animal Crossing
ANIMAL CROSSINGS,Animal Crossing
ANIMANIACS,Animaniacs
ANOTHER EDEN,Another Eden
ANPANMAN,Anpanman
AO NO EXORCIST,Ao no Exorcist
AO ONI,Ao Oni
APEX,Apex Legends
APEX LEGENDS,Apex Legends
APOCATHERY DIARIES,Apothecary Diaries
APOTECHARY DIARIES,Apothecary Diaries
APOTHECARY DIARIES,Apothecary Diaries
APOTHECARY DIARY,Apothecary Diaries
KUSURIYA,Apothecary Diaries
KUSURIYA NO HITORIGOTO,Apothecary Diaries
THE APOTHECARY DIARIES,Apothecary Diaries
ARI ASTER FILMS,Ari Aster
AK,Arknights
ARKKNIGHTS,Arknights
ARKNIGHT,Arknights
ARKNIGHTS,Arknights
ARKNIGHTS ENFIELD,Arknights
"ARKNIGHTS, IDOLM@STER, HOLOLIVE",arknights
ARKNIGHTS: ENDFIELD,arknights
ASCENDANCE OF A BOOKWORM,Ascendance of a Bookworm
ASHNIKKO,Ashnikko
ASSASSIN CREED,Assassin's Creed
ATARASHII GAKKO,Atarashi Gakko
ATARASHII GAKKO!,Atarashi Gakko
ATARASHII GAKKOU,Atarashi Gakko
ATEEZ,Ateez
ATELIER RESLERIANA,Atelier
ATELIER RYZA,Atelier
ATELIER SERRIES,Atelier
ATLA,ATLA
AVATAR,ATLA
AVATAR (V MINOR AMT OF MERCH),ATLA
AVATAR THE LAST AIRBENDER,ATLA
AVATAR THE LEGEND OF AANG,ATLA
AVATAR TLA,ATLA
ACROSS THE SPIDER VERSE,ATSV
ACROSS THE SPIDER-VERSE,ATSV
ACROSS THE SPIDERVERSE,ATSV
ATSV,ATSV
ATSV (SPIDERMAN ACROSS THE SPIDER VERSE),ATSV
INTO / ACROSS THE SPIDERVERSE,ATSV
INTO THE SPIDERVERSE,ATSV
SPIDER MAN ACROSS THE SPIDER VERSE,ATSV
SPIDER VERSE,ATSV
SPIDER-MAN,ATSV
SPIDER-PUNK,ATSV
SPIDER-VERSE,ATSV
SPIDER-VERSE: ATSV,ATSV
SPIDERMAN,ATSV
SPIDERMAN ATSV,ATSV
SPIDERMAN SPIDERVERSE,ATSV
SPIDERVERSE,ATSV
SPIDERVERSE (ANIMATED MOVIE),ATSV
SPIDERVERSE X ANIME CROSSOVER,ATSV
AUTOMOTIVE,Automotive
F1,Automotive
F1(FORMULA ONE),Automotive
FORMULA 1,Automotive
JDM,Automotive
RACING CARS,Automotive
AVATAR (THE WAY OF WATER),Avatar (biru)
AVATARO SENTAI DONBROTHERS,Avataro
AZUMANGA DAIOH,Azumanga Daioh
AZUR,Azur Lane
AZUR LANE,Azur Lane
AZURLANE,Azur Lane
B-PROJECT,B-Project
BABYMETAL,Babymetal
BACCANO!,Baccano
BALDUR GATE,Baldur's Gate 3
BALDUR'S GATE,Baldur's Gate 3
BALDUR'S GATE 3,Baldur's Gate 3
BALDURS GATE,Baldur's Gate 3
BALDURS GATE 3,Baldur's Gate 3
BALDUR’S GATE,Baldur's Gate 3
BALDUR’S GATE 3,Baldur's Gate 3
BG3,Baldur's Gate 3
BANANA FISH,Banana Fish
AGROVANIS,Bang Dream
ARGONAVIS,Bang Dream
BANDORI,Bang Dream
BANG DREAM,Bang Dream
BANG DREAM (BANDORI),Bang Dream
BANG DREAM!,Bang Dream
BANG DREAM! GIRLS BAND PARTY,Bang Dream
BANG DREAM! IT'S MYGO!!!!!,Bang Dream
FROM ARGONAVIS,Bang Dream
FROMARGO,Bang Dream
MYGO!!!!!,Bang Dream
BARBIE,Barbie
BEASTARS,Beastars
BEATLES,Beatles
BERSERK,Berserk
BETTER CALL SAUL,Better Call Saul
BLACK BUTLER,Black Butler
BLACK CLOVER,Black Clover
BLACKPINK,BLACKPINK
BLEACH,Bleach
BLOODBORNE,Bloodborne
BLOOM INTO YOU,Bloom Into You
YAGATE KIMI NI NARU,Bloom Into You
BLUE ARCHIEVE,Blue Archive
BLUE ARCHIVE,Blue Archive
BLUE ARCHIVE (BA),Blue Archive
BLUE ARCHIVE),Blue Archive
BLUE ARCHIVES,Blue Archive
BLUE LOCK,Blue Lock
BLUE LOCK.,Blue Lock
BLUELOCK,Blue Lock
BLUE PERIOD,Blue Period
BP,Blue Period
BLUE REFLECTION,Blue Reflection
BLUEY,Bluey
BNHA,BNHA
BNHA TOKYO REVENGERS,BNHA
BOKU NO HERO,BNHA
BOKU NO HERO ACADEMIA,BNHA
HERO ACADEMIA,BNHA
HIROAKA,BNHA
MHA,BNHA
MY HERCO ACADEMIA,BNHA
MY HERO ACA,BNHA
MY HERO ACADEMIA,BNHA
MY HERO ACADEMIA (MHA),BNHA
MY HERO ACADEMIA (MHA) / BOKU NO HERO ACADEMIA (BNHA),BNHA
BOBOIBOY,Boboiboy
BOCCHI,Bocchi the Rock
BOCCHI THE ROCK,Bocchi the Rock
BOCCHI THE ROCK!,Bocchi the Rock
"BOCCHI THE ROCK, SPY X FAMILY",Bocchi the Rock
BOCCHI! THE ROCK,Bocchi the Rock
BOCHI,Bocchi the Rock
BTR,Bocchi the Rock
ETC) BOCCHI THE ROCK,Bocchi the Rock
BOONDOCKS,Boondocks
BORUTO,Boruto
BREAKING BAD,Breaking Bad
BTS,BTS
BTS. TXT,BTS
BSD,Bungou Stray Dogs
BUNGO STRAY DOGS,Bungou Stray Dogs
BUNGOU ALCHEMIST,Bungou Stray Dogs
BUNGOU STRAY DOGS,Bungou Stray Dogs
BUSHIROAD,Bushiroad
CALL OF DUTY,Call of Duty
COD,Call of Duty
COD MW2,Call of Duty
CAMP HERE AND THERE,Camp Here and There
CASTLEVANIA,Castlevania
CARD CAPTOR SAKURA,CCS
CARDCAPTOR SAKURA,CCS
CELL OF EMPIREO,Cell of Empireo
CHARISMA HOUSE,Charisma House
CHERRY MAGIC,Cherry Magic
CHILDREN OF THE SEA,Children of the Sea
CHOUJIN X,Choujin X
CITY HUNTERS,City Hunter
CLAMP,CLAMP
CLASSROOM OF THE ELITES,Classroom of the Elite
CODEKUNST,Code Kunst
CODE: REALIZE,Code: Realize
COLLAR×MALICE,Collar x Malice
CONAN,Conan
DCMK,Conan
DETECTIVE CONAN,Conan
DETECTIVE CONAN MAGIC KAITO,Conan
KAITO KID,Conan
COKIE RUN KINGDOM,Cookie Run
COOKIE RUN,Cookie Run
COOKIE RUN KINGDOM,Cookie Run
COOKIE RUN KINGDOM (CRK),Cookie Run
COOKIE RUN KINGDOM. RECORD OF RAGNAROK,Cookie Run
COOKIE RUN: KINGDOM,Cookie Run
COOKIERUN,Cookie Run
COOKIERUN KINGDOM,Cookie Run
CRK,Cookie Run
CORPSE HUSBAND,Corpse Husband
CORRECTOR YUI,Corrector Yui
COUNTER: SIDE,Counterside
COUNTERSIDE,Counterside
COUNTRYBALL,Countryball
COUNTRYBALLS,Countryball
COWBOY BEBOP,Cowboy Bebop
CREEPYPASTA,Creepypasta
CROWS,Crows
CHAINSAW MAN,CSM
CHAINSAW MAN DAN HAIKYUU,CSM
CHAINSAW-MAN,CSM
CHAINSAWMAN,CSM
CHAINSAWMAN. HOUSEKI NO KUNI. ATLA,CSM
CHANSAWMAN,CSM
CSM,CSM
CULT OF THE LAMB,Cult of the Lamb
CYBERPUNK,Cyberpunk
CYBERPUNK 2022,Cyberpunk
CYBERPUNK EDGERUNNER,Cyberpunk
CYGAMES,Cygames
D4DJ,D4DJ
DANDADAN,Dandadan
DANGANRONPA,Danganronpa
BATMAN FAMILY,DC
"BATMAN, FRIEREN, PIXAR",DC
BAT FAMILY,DC
DDLC,DDLC
DOKI DOKI LITERATURE CLUB,DDLC
DEAD BY DAYLIGHT,Dead by Daylight
DEKOBOKO MAJO NO OYAKO JIJOU,Dekoboko
DENONBU,DENONBU
DETROIT BECOME HUMAN,Detroit Become Human
DEVILMAN CRYBABY,Devilman Crybaby
ACE OF DIAMOND,Diamond no Ace
DIGI CHARAT,Digi Charat
DIGIMON,Digimon
DIGIMON ( POPULAR ANIMES & VIDEO GAMES ),Digimon
DIGIMON AND HONKAI STAR RAIL,Digimon
DISCO ELYSIUM,Disco Elysium
DISLYTE,Dislyte
DISNEY,Disney
DISNEY AND SOME ANIMES,Disney
TSUM TSUM,Disney
DEVIL MAY CRY,DMC
DMC,DMC
DMC5,DMC
DEBUT OR DIE,DMJ
DEBUT OR DIE (DMJ),DMJ
DMMD,DMMD
DRAMATICAL MURDER,DMMD
D&D,DND
DND,DND
DUNGEON AND DRAGONS,DND
DUNGEONS & DRAGONS,DND
DO OR DIE,Do or Die
DOCTOR WHO,Doctor Who
DEGREES OF LEWDITY,DOL
DEGREES OF LEWDITY (DOL),DOL
DOL,DOL
DORAEMON,Doraemon
DOROHEDORO,Dorohedoro
DOROHEDORO (MANGA),Dorohedoro
DORORO,Dororo
DOTA 2,DOTA
DR STONE,Dr. Stone
DR. STONE,Dr. Stone
DR.STONE,Dr. Stone
DRAGON QUEST,Dragon Quest
DRAGONBALL/AKIRA,Dragonball
DRAKENGARD,Drankengard
DUCKTALES,Ducktales
DELICIOUS IN DUNGEON,Dungeon Meshi
DUGEON MESHI,Dungeon Meshi
DUNGEON MESHI,Dungeon Meshi
DUNGEON MESHI (MANGA),Dungeon Meshi
DUNMESHI,Dungeon Meshi
DURARARA,Durarara
DURARARA!!,Durarara
EVERYTHING EVERYWHERE ALL AT ONCE,EEAAO
ELDEN RING,Elden Ring
ELECEED,Eleceed
ELECEED MANHWA/ WEBTOON,Eleceed
ELSWORD,Elsword
ELSWORLD,Elsword
ENSAMBLE STAR,ENSTARS
ENSAMBLE STARS,ENSTARS
ENSEMBLE STAR,ENSTARS
ENSEMBLE STARS,ENSTARS
ENSEMBLE STARS!,ENSTARS
ENSEMBLE STARS!!,ENSTARS
ENSTAR,ENSTARS
ENSTARS,ENSTARS
ENSTARS!!,ENSTARS
ERGO PROXY,Ergo Proxy
EVA,Evangelion
EVANGALION,Evangelion
EVANGELION,Evangelion
NEON GENESIS EVANGELION,Evangelion
EVERYDAY BY DAY,Everyday by Day
EX ASTRIS,Ex Astris
EXO,EXO
EXO (K-POP),EXO
"EXO, STRAYKIDS,",EXO
EYESHIELD 21,Eyeshield 21
FATE,Fate
FATE SERIES,Fate
FEAR & HUNGER,Fear and Hunger
FEAR & HUNGER 2: TERMINA,Fear and Hunger
FEAR & HUNGER TERMINA,Fear and Hunger
FEAR AND HUNGER,Fear and Hunger
FEAR AND HUNGER TERMINA,Fear and Hunger
DAN FGO,FGO
FATE GRAND ODRDER,FGO
FATE GRAND ORDER,FGO
FATE/GO,FGO
FATE/GRAND ORDER,FGO
FGO,FGO
FIGHT CLUB,Fight Club
FF14,Final Fantasy
FF7,Final Fantasy
FFXIV,Final Fantasy
FFXIV / WOL,Final Fantasy
FFXVI,Final Fantasy
FINAL FANTASY,Final Fantasy
FINAL FANTASY 14,Final Fantasy
FINAL FANTASY VII,Final Fantasy
FINAL FANTASY XIV,Final Fantasy
FINAL FANTASY XV,Final Fantasy
FINAL FANTASY XVI,Final Fantasy
FINAL FANTASY SERIES,Final Fantasy
FE3H,Fire Emblem
FIRE EMBLEM,Fire Emblem
FIRE EMBLEM THREE HOUSES,Fire Emblem
"FIRE EMBLEM, FINAL FANTASY, GENSHIN IMPACT, HONKAI STAR RAIL",Fire Emblem
FIRE FORCE,Fire Force
FKBU,FKBU
FLCL,FLCL
FLUFFY PARADISE,Fluffy Paradise
FULL METAL ALCHEMIST,FMA
FULL METAL ALCHEMIST FMA,FMA
FULLMETAL ALCHEMIST,FMA
FIVE NIGHT AT FREDDYS,FNAF
FIVE NIGHTS AT FREDDY,FNAF
FIVE NIGHTS AT FREDDY'S,FNAF
FIVE NIGHTS AT FREDDY’S,FNAF
FIVE NIGHTS AT FREDDY’S (FNAF),FNAF
FNAF,FNAF
FOOD FANTASY,Food Fantasy
FREE!,Free
FRIEREN,Frieren
FRIEREN BEYOND JOURNEY'S END,Frieren
FRIEREN: BEYOND JOURNEY'S END,Frieren
FRIEREND,Frieren
FRIEREN…,Frieren
SOUSOU NO FRIEREN,Frieren
FROMSOFT,FromSoftware
SOULS GAMES,FromSoftware
SOULSBORNE,FromSoftware
FRUIT BASKET,Fruits Basket
FRUITS BASKET,Fruits Basket
FUJII KAZE,Fuiji Kaze
FUNAMUSEA,Funamusea
FUTURE CARD BUDDYFIGHT,Future Card Buddyfight
GATE,GATE
GBF,GBF
GRANBLUE FANTASY,GBF
GRAND BLUE FANTASY,GBF
GEGEGE NO KITARO/GENAZO,Gegege no Kitaro
GEGEGE NO NAZO,Gegege no Kitaro
GEKKAN SHOUJO NOZAKI,Gekkan Shoujo Nozaki-kun
GFRIEND,GFRIEND
GHIBLI,Ghibli
GHIBLI POKEMON,Ghibli
GHIBLI STUDIO,Ghibli
"GHIBLI, ORIGINAL",Ghibli
"GHIBLI, SAILORMOON, KPOP",Ghibli
GHIBLI/PLAVE/JJK/ORIGINAL ARTWORK,Ghibli
GHIBLLI,Ghibli
GHILBI,Ghibli
GIBLI,Ghibli
STIDIO GHIBLI,Ghibli
STUDIO GHIBLI,Ghibli
GINTAMA,Gintama
GFL,Girls Frontline
GFL2,Girls Frontline
GIRL FRONTLINE,Girls Frontline
GIRL'S FRONTLINE,Girls Frontline
GIRLS FRONTLINE,Girls Frontline
GIRLS' FRONTLINE,Girls Frontline
GIRLS’ FRONTLINE,Girls Frontline
NEURAL CLOUD,Girls Frontline
GIRLS UND PANZER,Girls und Panzer
GIRLS UNDER PANZER,Girls und Panzer
GIVEN,Given
GOCHUUMON WA USAGI DESU KA,Gochuumon
IS THE ORDER A RABBIT?,Gochuumon
GODZILLA,Godzilla
GOLDEN KAMUY,Golden Kamuy
GOOD OMENS,Good Omens
PLAY IT COOL GUYS/COOL DOJI DANSHI,Gool Doji Danshi
GOTOBUN,Gotoubun
GOTOUBUN,Gotoubun
NINO,Gotoubun
GRANDCHASE,Grand Chase
GRAVITY FALLS,Gravity Falls
GRAY GARDEN,Gray Garden
GUARDIAN TALES,Guardian Tales
GUDETAMA,Gudetama
GGST,Guilty Gear
GUILTY GEAR,Guilty Gear
GUILTY GEAR STRIVE,Guilty Gear
GUMBALL,Gumball
THE AMAZING WORLD OF GUMBALL,Gumball
GUNDAM,Gundam
GUNDAM (WITCH OF MERCURY/IRON BLOOD ORPHAN),Gundam
GUNDAM SEED,Gundam
GUNDAM WITCH,Gundam
GUNDAM WITCH FROM MERCURY,Gundam
GUNDAM WITCH MERCURY,Gundam
GUNDAM WITCH OF MERCURY,Gundam
GUNDAM/POKEMON,Gundam
GUNDAM: THE WITCH FROM MERCURY,Gundam
GUNDAM: WITCH FROM MERCURY,Gundam
GWITCH,Gundam
G_WITCH,Gundam
MOBILE SUIT GUNDAM : THE WITCH FROM MERCURY),Gundam
HADES,Hades
HAI MIIKO,Hai Miiko
KOCCHIMUITTE! MIIKO,Hai Miiko
MIIKO,Hai Miiko
HAIKYU!!,Haikyuu
HAIKYUU,Haikyuu
HAIKYUU!,Haikyuu
HAIKYUU!!,Haikyuu
M HAIKYUU,Haikyuu
HAMTARO,Hamtaro
HANAKO KUN,Hanako-kun
HANAKO-KUN,Hanako-kun
JBHK,Hanako-kun
JIBAKU SHOUNEN HANAKO-KUN,Hanako-kun
TBHK,Hanako-kun
TOILET BOUND HANAKO-KUN,Hanako-kun
TOILET BOUND HANAKOKUN,Hanako-kun
TOILET-BOUND HANAKO KUN,Hanako-kun
TOILET-BOUND HANAKO-KUN,Hanako-kun
HANNIBAL,Hannibal
FANTASTIC BEAST,Harry Potter
HARRY POTTER,Harry Potter
"HARRY POTTER FRANCIES( HOGWARTS LEGACY, MAGIC AKAWEND, FILM/NOVEL )",Harry Potter
HOGWARTS LEGACY,Harry Potter
WIZARDING WORLD,Harry Potter
HARVEST MOON,Harvest Moon
HATARAKU SAIBOU,Hataraku Saibou
HAZBIN,Hazbin Hotel
HAZBIN HOTEL,Hazbin Hotel
HAZBIN HOTTEL,Hazbin Hotel
HELLUVA,Hazbin Hotel
HELLUVA BOSS,Hazbin Hotel
HELLUVA BOSS/HAZBIN HOTEL,Hazbin Hotel
HELIOS,Helios
HELIOS RISING HEROES,Helios
HELL TAKER,Hell Taker
HELLO CHARLOTTE,Hello Charlotte
HELLSING,Hellsing
HETALIA,Hetalia
HETALIA WORLD STARS,Hetalia
HIBIKE,Hibike Euphonium
HIGH RISE INVASION,High Rise Invasion
HIGURASHI,Higurashi
HIGURASHI NO NAKU KORO NI,Higurashi
HIGURASHI WHEN THEY CRY (ひぐらしのなく頃に),Higurashi
UMINEKO,Higurashi
VN UMINEKO,Higurashi
HIKARU NO GO,Hikaru no Go
HIKIKOMARI,Hikikomari
HOLLOW KNIGHT,Hollow Knight
HOMESTUCK,Homestuck
HONEYWORKS,Honeyworks
HI3,Honkai Impact 3
KAFKA,Honkai Star Rail
HORIMIYA,Horimiya
HOUSEKI NO KUNI,Houseki no Kuni
STAR RAIL,HRS
STARRAIL,HSR
HUNTER X HUNTER,Hunter x Hunter
HUNTERXHUNTER,Hunter x Hunter
HXH,Hunter x Hunter
HYPMIC,Hypmic
HYPNOSIS MIC,Hypmic
HYPNOSIS MICROPHONE,Hypmic
IDENTITY,Identity V
IDENTITY V,Identity V
IDENTITY V GENSHIN IMPACT HONKAI STAR RAIL,Identity V
IDENTITYV,Identity V
IDV,Identity V
IDOLISH 7,Idolish7
IDOLISH7,Idolish7
IDOLM@STER,Idolmaster
IDOLM@STER SHINY COLORS,Idolmaster
IDOLM@STER SHINYCOLORS,Idolmaster
"IDOLM@STER, PROJECT SEKAI& VOCALOID",Idolmaster
IDOLMASTER,Idolmaster
IDOLMASTER CINDERELLA GIRLS,Idolmaster
IDOLMASTER SHINY COLORS,Idolmaster
IM@S (IDOLMASTER CINDERELLA GIRL),Idolmaster
IMAS,Idolmaster
THE IDOLM@STER,Idolmaster
THE IDOLM@STER SHINY COLORS,Idolmaster
IDOL PRIDE,Idoly Pride
IKEMEN PRINCE,Ikemen Series
IKEMEN REVOLUTION,Ikemen Series
IKEMEN SENGOKU,Ikemen Series
IKEMEN VAMPIRE,Ikemen Series
IKEMEN VILLAIN,Ikemen Series
INAZUMA ELEVEN,Inazuma Eleven
INITIAL D,Initial D
INSIDE JOB,Inside Job
INUYASHA,Inuyasha
IRUMA,Iruma-kun
IRUMA KUN,Iruma-kun
IRUMA-KUN,Iruma-kun
MAIRIMASHITA IRUMA-KUN!,Iruma-kun
MAIRUMA,Iruma-kun
JET SET RADIO,Jet Set Radio
JINX,Jinx
JJK,JJK
JJK/GOJOHIME,JJK
JUJITSU KAISEN,JJK
JUJUTSU,JJK
JUJUTSU ETC,JJK
JUJUTSU KAISEN,JJK
JUJUTSU KAISEN & BLUE LOCK,JJK
JUJUTSU KAISEN & KIMETSU NO YAIBA,JJK
JUJUTSU KAISEN (JJK),JJK
"JUJUTSU KAISEN, ",JJK
"JUJUTSU KAISEN, OSHI NO KO, MASHLE, GIVEN, BAND GROUP, IDOL GROUP, BL",JJK
JUJUTSU KAISEN. HOLOLIVE,JJK
JUJUTSU KAISEN. SPY X FAMILY,JJK
JUJUTSU KAISER,JJK
JUJUTSU KAIZEN,JJK
JUJUTSU NO KAISEN,JJK
JUJUTSUKAISEN,JJK
JJBA,Jojo
JOJO,Jojo
JOJO BIZARE ADVENTURE,Jojo
JOJO BIZARRE ADVENTURE,Jojo
JOJO BIZARRE ADVENTURES,Jojo
JOJO BIZZARE ADVENTURE,Jojo
JOJO'S BIZARRE ADVENTURE,Jojo
JOJO'S BIZZARE ADVENTURE,Jojo
JOJO’S BIZZARE ADVENTURE,Jojo
JUNJI ITO,Junji Ito
TOMIE,Junji Ito
K-ON,K-ON!
K-ON!,K-ON!
KAGEPRO,Kagepro
KAGEROU PROJECT,Kagepro
KAGUYA SAMA LOVE IS WAR,Kaguya-sama
KAIJU NO 8,Kaiju no 8
MISTERIOUS JOKER,Kaitou Joker
KAKEGURUI,Kakegurui
KAMEN RIDER,Kamen Rider
KAMEN RIDER GEATS,Kamen Rider
KAMICHAMA KARIN,Kamichama Karin
KAMISAMA KISS,Kamisama Kiss
KANOJO OKARISHIMASU,Kanokari
KANOKARI,Kanokari
CHIZURU,Kanokari
KAN COLLE,Kantai Collection
KANCOLLE,Kantai Collection
KANTAI COLLECTION,Kantai Collection
KATEKYO HITMAN REBORN,Katekyo Hitman Reborn
KDA,KDA
KEKKKAI SENSEN,Kekkai Sensen
KEMONO JIHEN,Kemono Jihen
KENSHI YONEZU,Kenshi Yonezu
KERORO GUNSO,Keroro Gunso
KIMI NI TODDLE,Kimi no Todoke
KIMI NI TODOKE,Kimi no Todoke
OHSAMA SENTAI KINGOHGER,King-Ohger
KINGDOM HEARTS,Kingdom Hearts
KINGSMAN,Kingsman
THE GUY SHE WAS INTERESTED IN WASN’T A GUY AT ALL,Kinioto
KIRBY,Kirby
TRAILS / KISEKI,Kiseki
DEMO SLAYER,KNY
DEMON SLAYER,KNY
DEMON SLAYER/ KIMETSU NO YAIBA,KNY
KIMETSU,KNY
KIMETSU NO YAIBA,KNY
KIMETSU NO YAIBA (DEMON SLAYER),KNY
"KIMETSU NO YAIBA, OSHI NO KO",KNY
KIMETSU NO YAIBA.,KNY
KIMETSUNOYAIBA,KNY
KNY,KNY
"KNY, VALORANT ETC",KNY
DEMON HUNTER,KNY
KOMI,Komi-san
KOMI-SAN CAN'T COMMUNICATE,Komi-san
KOMI-SAN HA KOMYUSHOU DESU,Komi-san
KONOSUBA,Konosuba
KUROKO NO BASUKE,Kuroko no Basuke
KUROSHITSUJI,Kuroshitsuji
KYOU KARA MAOU,Kyou Kara Maou
LEFT FOR DEAD,L4D
LACKADAISY,Lackadaisy
LCF,LCF
LOUT OF COUNT FAMILY,LCF
LOUT OF COUNT'S FAMILY,LCF
LOUT OF THE COUNT FAMILY,LCF
TCF,LCF
TRASH COUNT FAMILY,LCF
TRASH OF COUNT FAMILY,LCF
LE SSERAFIM,LE SSERAFIN
ARCANE,League of Legends
HEARTSTEEL LEAGUE OF LEGEND,League of Legends
LEAGUE OF LEGENDS,League of Legends
LEAGUE OF LEGENDS,League of Legends
LOL,League of Legends
LOL (HEARTSTEEL,League of Legends
LOL: WILD RIFT,League of Legends
LOVESTRUCK),League of Legends
T1,League of Legends
LOR,Legends of Runeterra
LEGO MONKIE KID,LEGO
MONKIE KID,LEGO
NINJAGO,LEGO
LETHAL COMPANY,Lethal Company
LIBRARY OF RUINA,Library of Ruina
LIS BEFORE THE STORM,Life Is Strange
LIFE SERIES,Life Series
LILY,Lily
LIMBUS,Limbus Company
LIMBUS COMPANY,Limbus Company
LIMBUS COMPANY (PROJECT MOON),Limbus Company
LIMBUS COMPANY): BOCCHI THE ROCK: OMORI,Limbus Company
LIMPUS COMPANY,Limbus Company
LINK CLICK,Link Click
LINK:CLICK,Link Click
LITTLE NIGHTMARE,Little Nightmare
DEEP SPACE,LND
LOOKISM,Lookism
LOONEY TUNES,Looney Tuner
LORD OF THE RINGS,Lord of the Rings
LOVE & DEEP SPACE,Love and Deepspace
LOVE & DEEPSPACE,Love and Deepspace
LOVE AND DEEP SPACE,Love and Deepspace
LOVE AND DEEPSPACE,Love and Deepspace
LOVE AND DEEPSPACE / LADS,Love and Deepspace
LOVE LIVE,Love Live
LOVE LIVE NIJIGASAKI,Love Live
LOVE LIVE!,Love Live
LOVE LIVE! HASUNOSORA,Love Live
LOVE LIVE! NIJIGASAKI,Love Live
LOVE N DEEPSPACE,Love Live
LOVELIVE: SUPERSTAR!!,Love Live
LUCY,Lucy
LYCORIS RECOIL,Lycoris Recoil
PENGUINS OF MADAGASCAR,Madagascar
MADE IN ABYSS,Made in Abyss
MADOKA MAGICA,Madoka Magica
MADOMAGI,Madoka Magica
PUELLA MADOKA MAGICA,Madoka Magica
PUELLA MAGI MADOKA MAGICA,Madoka Magica
MAGIREVO,Magirevo
TENTEN KAKUMEI,Magirevo
THE MAGNUS ARCHIVES,Magnus Archives
MAHA5,MAHA5
MAHOUTSUKAI NO YAKUSOKU,Mahoyaku
MAHOUTSUKAI NO YAKUSOKU MAHOYAKU,Mahoyaku
MAHOYAKU,Mahoyaku
ELAINE,Majo no Tabitabi
"MAJONOTABITABI, HIBIKE EUPHONIUM, VIOLET EVERGARDEN",Majo no Tabitabi
MAKOTO SHINKAI MOVIES,Makoto Shinkai
MANA KHEMIA,Mana Khemia
MARKIPLIER,Markiplier
GUARDIANS OF THE GALAXY,Marvel
LOKI [TVA SERIES],Marvel
MARVEL,Marvel
MARVEL (SPIDER-VERSE),Marvel
MARVEL COMICS,Marvel
MARVEL FANART,Marvel
MARVEL. SHOUJO,Marvel
X-MEN,Marvel
MASHLE,Mashle
THE MASTERFUL CAT,Masterful Cat
THE MASTERFUL CAT IS DEPRESSED AGAIN TODAY,Masterful Cat
MDZS,MDZS
MO DAO ZU SHI,MDZS
MEGA MAN,Megaman
MELANIE,Melanie Martinez
MELANIE MARTINEZ,Melanie Martinez
MENCURI RADEN SALEH,Mencuri Raden Saleh
MERMAID MELODY,Mermaid Melody
MERMAID MELODY PICHI PICHI PITCH,Mermaid Melody
METAL GEAR,Metal Gear
METALOCALYPSE,Metalocalypse
MF GHOST,MF GHOST
MILGRAM,MILGRAM
MCYT,Minecraft
MINECRAFT,Minecraft
MINECRAFT YOUTUBERS,Minecraft
PUSS IN BOOTS,Minecraft
QSMP,Minecraft
MIRACULOUS LADYBUG,Miraculous Ladybug
MISTBORN (WESTERN SCI-FI FANTASY),Mistborn
MY LITTLE PONY,MLP
MOB,Mob Psycho 100
MOB 100,Mob Psycho 100
MOB PSYCHO,Mob Psycho 100
MOB PSYCHO 100,Mob Psycho 100
MOB PSYCHO100,Mob Psycho 100
MOB PYSCHO 100,Mob Psycho 100
MOB SPYCHO,Mob Psycho 100
MOB100,Mob Psycho 100
MON PSYCHO,Mob Psycho 100
MP100,Mob Psycho 100
ML,Mobile Legends
MLBB,Mobile Legends
MOBILE LEGEND,Mobile Legends
MOBILE LEGEND BANG BANG,Mobile Legends
MOBILE LEGENDS,Mobile Legends
MOBILE LEGENDS: BANG BANG,Mobile Legends
MONOGATARI,Monogatari
MONOGATARI SERIES,Monogatari
MONSTER HIGH,Monster High
MONSTER HUNTER,Monster Hunter
MOOMIN,Moomin
MORIARTY THE PATRIOT,Moriarty the Patriot
MORIATY THE PATRIOT,Moriarty the Patriot
MORTAL KOMBAT,Mortal Kombat
MLQC,Mr. Love Queen's Choice
MURDER DRONE,Murder Drone
MUSHOKU TENSEI,Mushoku Tensei
MXTX,MXTX
SCUM VILLAIN,MXTX
MY DRESS-UP DARLING,My Dress Up Darling
MY DRESS-UP DARLING MANGA SERIES,My Dress Up Darling
MYDRESSUP,My Dress Up Darling
MY HAPPY MARRIAGE,My Happy Marriage
MY NEW BOSS IS GOOFY,My New Boss Is Goofy
MYSTIC MESSENGER,Mystic Messenger
NANA,Nana
NANA. JJK,Nana
NARUTO,Naruto
NATSUME,Natsume Yuujinchou
NATSUME YUUJINCHOU,Natsume Yuujinchou
NCT,NCT
NCT 127,NCT
NCT DREAM,NCT
NCT DREAM),NCT
NECO ARC,Neco Arc
KANGEL,Needy Girl Overdose
NEEDY GIRL OVERDOSE,Needy Girl Overdose
NEEDY STREAMER OVERDOSE,Needy Girl Overdose
NEEDY STREAMER OVERLOAD,Needy Girl Overdose
NSO,Needy Girl Overdose
NEKO ATSUME,Neko Atsume
NEW JEANS,NewJeans
NEW JEANS),NewJeans
NEW JEANS.,NewJeans
NEWJEANS,NewJeans
NWJNS,NewJeans
NIER,Nier
NIER AUTOMATA,Nier
NIER REPLICANT,Nier
NIER: AUTOMATA,Nier
NITW,Night In The Woods
NIKI,NIJI
EX-NIJI,NIJIID
CHRONONOIR,NIJIJP
NIKKE,NIKKE
NIKKE GODDESS OF VICTORY,NIKKE
NORAGAMI,Noragami
NU : CARNIVAL,Nu:Carnival
NU CARNIVAL,Nu:Carnival
NU-CARNIVAL,Nu:Carnival
NU: CARNI,Nu:Carnival
NU: CARNIVAL,Nu:Carnival
NU:CARNIVAL,Nu:Carnival
NUCARNIVAL,Nu:Carnival
OM!,Obey Me
OBEY ME,Obey Me
OBEY ME!,Obey Me
OBJECT SHOW,Object Shows
OBJECT SHOWS,Object Shows
OMFD,OFMD
OUR FLAG MEANS DEATH,OFMD
MAGICAL DOREMI,Ojamajo Doremi
OJYA MAJO DOREMI,Ojamajo Doremi
OKAMI,Okami
OMORI,OMORI
OMORI AND PROJECT SEKAI,OMORI
ONE OK ROCK,ONE OK ROCK
ONE PIECE,One Piece
"ONE PIECE, GENSHIN",One Piece
"ONE PIECE, JUJUTSU KAISEN",One Piece
ONE PIECE.,One Piece
ONEPIECE,One Piece
ONESHOT,OneShot
ONII-CHAN WA OSHIMAI! / ONIMAI,Onimai
HOSHI NO AI,ONK
ONK,ONK
OSHI NO KO,ONK
OSHINOKO,ONK
OMNYOJI,Onmyoji
OMYOJI,Onmyoji
ONMYOJI,Onmyoji
ONMYOUJI,Onmyoji
ONE PUNCH MAN,OPM
ONE-PUNCH MAN,OPM
ONEPUNCHMAN,OPM
OPM,OPM
OPPENHEIMER,Oppenheimer
OMNICENT READER VIEWPOINT,ORV
OMNICENT READERS,ORV
OMNISCENT READER VIEWPOINT,ORV
OMNISCIENT READER,ORV
OMNISCIENT READER (ORV),ORV
OMNISCIENT READER PERSONA 5,ORV
OMNISCIENT READER VIEW,ORV
OMNISCIENT READER VIEWPOINT,ORV
OMNISCIENT READER VIEWPOINT (ORV),ORV
OMNISCIENT READER'S POV,ORV
OMNISCIENT READER'S VIEWPOINT,ORV
OMNISCIENT READER'S VIEWPOINT (ORV),ORV
OMNISCIENT READER'S VIEWPOINT / ORV,ORV
OMNISCIENT READERS VIEWPOINT,ORV
OMNISCIENT READER’S VIEWPOINT,ORV
ORV,ORV
ORV (OMNISCIENT READER VIEWPOINT),ORV
ORV(OMNISCIENT READER VIEWPOINT),ORV
OSOMATSU,Osomatsu
OHSHC,Ouran High School
OURAN HIGH SCHOOL HOST CLUB,Ouran High School
OURAN HIGHSCHOOL HOST CLUB,Ouran High School
OUSAMA RANKING,Ousama Ranking
OUTLAST,Outlast
OVER THE GARDEN WALL,Over the Garden Wall
OVERWATCH,Overwatch
OVERWATCH 2,Overwatch
THE OWL HOUSE,Owl House
OYASUMI PUNPUN,Oyasumi Punpun
PALWORLD,Palworld
PANDACLIP,Pandaclip
PANDORA HEARTS,Pandora Hearts
PARADOX LIVE,Paradox Live
PATH TO NOWHERE,Path to Nowhere
PEPE THE FROG,Pepe
PERCY JACKSON,Percy Jackson
PGR,PGR
PGR (PUNISHING: GRAY RAVEN),PGR
PUNISHING GRAY RAVEN,PGR
PUNISHING: GRAY RAVEN,PGR
PIKMIN,Pikmin
PIKMIN 4,Pikmin
PLAVE,PLAVE
"PLAVE, OMNISCIENT READER'S VIEWPOINT, LOVE AND DEEPSPACE, BLUE LOCK, HAZBIN HOTEL, MORTAL KOMBAT",PLAVE
POCKET MIRROR,Pocket Mirror
POKEMIKU,Pokemon
POKEMIKU PROJECT VOLTAGE,Pokemon
POKEMOM,Pokemon
POKEMON,Pokemon
POKEMON & FFXIV,Pokemon
POKEMON ZENLESS ZONE ZERO,Pokemon
"POKEMON, GHIBLI, RETRO ANIME",Pokemon
"POKEMON,NEKO,SHIBA AND GHBILI",Pokemon
POKÉ,Pokemon
POKÉMON,Pokemon
PROJECT:VOLTAGE,Pokemon
POP TEAM EPIC,Pop Team Epic
POPEE THE PERFORMER,Popee the Performer
POPPY PLAYTIME (SMILING CRITTERS),Poppy Playtime
POU,Pou
POWER RANGERS,Power Rangers
POWERPUFF GIRLS,Powerpuff Girls
POWERPUFF GIRLS Z,Powerpuff Girls
PRECURE,Precure
PRETTY CURE,Precure
ANIME (PRETTY CURE),Pretty Cure
PRICONNE,Princess Connect
PRINCESS CONNECT,Princess Connect
PROJECT MOON,Project Moon
PROJECT MOON (LOBCORP,Project Moon
PROJECT MOON/LIMBUS COMPANY,Project Moon
PROMARE,Promare
PROMISED NEVERLAND,Promised Neverland
THE PROMISED NEVERLAND,Promised Neverland
PJ SEKAI,Proseka
PJSEKAI,Proseka
PJSK,Proseka
PROJECT SEKAI,Proseka
PROJECT SEKAI / VOCALOID,Proseka
PROJECT SEKAI COLORFUL STAGE,Proseka
PROJECT SEKAI COLOURFUL STAGE FEAT. HATSUNE MIKU,Proseka
PROJECT SEKAI. GENSHIN IMPACT,Proseka
PROJECT SEKAI/VOCALOID,Proseka
PROJECT SEKAI: COLORFUL STAGE FT . HATSUNE MIKU,Proseka
PROJECT SEKAI: COLORFUL STAGE!,Proseka
PROJECT SEKAI: COLORFUL STAGE! FEAT HATSUNE MIKU,Proseka
PROJECT SEKALI,Proseka
PROJECT SEKAI,Proseka
PROSEKA,Proseka
PROSEKA (PROJECT SEKAI),Proseka
PROSEKA),Proseka
PROSEKAI,Proseka
PRSK,Proseka
PUROSEKA,Proseka
PANTY AND STOCKING,PSG
PANTY AND STOCKING WITH GARTERBELT,PSG
PSYCHO PASS,Psycho Pass
PLANT VS ZOMBIE,PVZ
TKA,QZGS
R1999,R99
REVERSE,R99
REVERSE 1999,R99
REVERSE : 1999,R99
REVERSE1999,R99
REVERSE: 1999,R99
REVERSE:1999,R99
RAGNAROK,Ragnarok
RAGNAROK ONLINE,Ragnarok
A CERTAIN SCIENTIFIC RAILGUN,Railgun
RAIN WORLD,Rain World
R6,Rainbow Six
RAINBOW SIX SIEGE,Rainbow Six
RANBOO,Ranboo
READ DEAD REDEMPTION 2,RDR
RED DEAD REDEMPTION 2,RDR
RE:ZERO,Re:Zero
RECORD OF RAGNAROK,Record of Ragnarok
RED VELVET,Red Velvet
RENAI KARICHAIMASHITA,Renai Karichaimashita
RESIDENT EVIL,Resident Evil
RESIDENT EVIL. KIRBY,Resident Evil
REVUE STARLIGHT,Revue Starlight
RHYTHM GAME,Rhythm Game
RHYTHM GAME MUSIC,Rhythm Game
RYTHM GAME,Rhythm Game
RIDDLE JOKER,Riddle Joker
RIVER CITY GIRLS,River City Girls
REGRETEVATOR,Roblox
ROZEN MAIDEN,Rozen Maiden
RUNE FACTORY,Rune Factory
RUROUNI KENSHIN,Rurouni Kenshin
SAMURAI X,Rurouni Kenshin
MY S CLASS HUNTER (MANHWA),S-class
MY S CLASS HUNTERS,S-class
MY S-CLASS HUNTER,S-class
MY S-CLASS HUNTERS,S-class
S CLASS,S-Class
S CLASS HUNTER,S-Class
S-CLASS,S-Class
SCLASS,S-Class
SCTIR,S-Class
THE S-CLASSES THAT I RAISED,S-Class
SABRINA CARPENTER,Sabrina Carpenter
SAIKI K,Saiki K
SAILOR MOON,Sailor Moon
SAILORMOON,Sailor Moon
SAINT SEIYA,Saint Seiya
SAKAMOTO DAYS,Sakamoto Days
SAKAMOTO DAYS (MANGA),Sakamoto Days
SAM AND MAX,Sam and Max
SANRIO,Sanrio
SASAKI TO MIYANO,Sasaki to Miyano
SATOSHI KON,Satoshi Kon
AOBUTA,SBY
BUNNY MAI SENPAI,SBY
SCARLET NEXUS,Scarlet Nexus
SCOTT PILGRIM,Scott Pilgrim
SCOTT PILGRIM: TAKES OFF,Scott Pilgrim
SCP FOUNDATION,SCP
SEAL ONLINE,Seal Online
SENGOKU A LIVE,Sengoku A Live
SEWAYAKI KITSUNE NO SENKO-SAN,Senko-san
SENREN BANKA,Senren Banka
SERIAL EXPERIMENTS LAIN,Serial Experiments Lain
SESAME STREET,Sesame Street
SEVENTEEN,SEVENTEEN
SEVENTEEN (K-IDOLGROUP),SEVENTEEN
SEVENTEEN (K-POP),SEVENTEEN
SEVENTEEN (KPOP),SEVENTEEN
SEVENTEEN (KPOP) HONKAI STAR RAIL,SEVENTEEN
SVT,SEVENTEEN
SHADOW & BONE,Shadow and Bone
SHADOWVERSE,Shadowverse
SHAMAN KING,Shaman King
SHANGRI-LA FRONTIER,Shangri-La Frontier
SHANGRILA FRONTIER,Shangri-La Frontier
SHE-RA PIRNCESS OF POWER (2019),She-Ra
SHE-RA THE PRINCESS OF POWER,She-Ra
BBC SHERLOCK,Sherlock Holmes
SHERLOCK HOLMES,Sherlock Holmes
SHIGURE UI,Shigure Ui
SHINCHAN,Shinchan
SHOKUGEKI NO SOUMA,Shokugeki no Souma
SHREK (OH Y ITU NTAR SHREK GANTENGNYA JADI FR,Shrek
SHTDN,SHTDN
SHUGO CHARA,Shugo Chara
SHOTO,Shxtou
SHXTOU VTUBER,Shxtou
SHYLILY - VTUBER,Shylily
SIGNALIS,Signalis
SILENT HILL,Silent Hill
SIMPSONS,Simpsons
SK8,SK8
SK8 THE INFINITY,SK8
SKETCH DANCE,Sket Dance
STL,Skip and Loafer
SKIP & LOAFER,Skip and Loafer
SKIP AND LOAFER,Skip and Loafer
SKIP AND LOAFERS,Skip and Loafer
SKIP TO LOAFER,Skip and Loafer
SKIP&LOAFER,Skip and Loafer
SKULLGIRLS,Skullgirls
SKY,Sky
SKY CHILDREN OF THE LIGHT,Sky
SKY COTL,Sky
SKY: CHILDREN OF LIGHT,Sky
SKY: CHILDREN OF THE LIGHT.,Sky
SKY:COTL,Sky
SKYCOTL,Sky
SLAM DUNK,Slam Dunk
SLAMDUNK,slam Dunk
SLEEP TOKEN,Sleep Token
SLOW DAMAGE,Slow Damage
MEGAMI TENSEI,SMT
MEGAMI TENSEI SERIES,SMT
PERSONA,SMT
PERSONA (SERIES),SMT
PERSONA 3,SMT
PERSONA 3&4&5 ORIGINAL TEMPUS NIJISANJI GENSHIN SPY X FAMILY HOUSEKI NO KUNI HSR,SMT
PERSONA 3/4/5,SMT
PERSONA 4,SMT
PERSONA 5,SMT
PERSONA 5 ROYAL,SMT
PERSONA SERIES,SMT
PERSONA SERIES (MAINLY 3),SMT
PERSONA(3,SMT
PERSONA.,SMT
PERSONA5,SMT
SHIN MEGAMI TENSEI,SMT
SHIN MEGAMI TENSEI/PERSONA,SMT
SMT,SMT
AOT,SNK
ATTACK ON TITAN,SNK
ATTACK ON TITANS,SNK
ERWIN/LEVI (ATTACK ON TITAN),SNK
SNSD),SNSD
SOLO LAVELING,Solo Leveling
SOLO LEVELING,Solo Leveling
SONIC,Sonic
SONIC HE HEDGEHOG,Sonic
SONIC THE HEDGEHOG,Sonic
SOUL EATER,Soul Eater
SOUTH PARK,South Park
SPIKE JONZE FILMS,Spike Jonze
SPLATOON,Splatoon
SPONGEBOB,Spongebob
SPY FAMILY,Spy x Family
SPY X FAM,Spy x Family
SPY X FAMILY,Spy x Family
SPY × FAMILY,Spy x Family
SPYXFAM,Spy x Family
SPYXFAMILY,Spy x Family
SPY×FAMILY,Spy x Family
SXF,Spy x Family
STAR WAR,Star Wars
STAR WARS,Star Wars
STARDEW VALLEY,Stardew Valley
STEINS,Steins Gate
STEVEN UNIVERSE,Steven Universe
STRANGER THINGS,Stranger Things
SKZ,Stray Kids
STRAY KIDS,Stray Kids
STREET FIGHTER,Street Fighter
STREET FIGTHER,Street Fighter
STREETFIGHTER,Street Fighter
SUGAR APPLE FAIRY TALE,Sugar Apple Fairy Tale
SUIKODEN,Suikoden
SUMMER POCKETS,Summer Pockets
SUPER JUNIOR,Super Junior
SUPER SENTAI,Super Sentai
SUPER SENTAI,Super Sentai
SUPERNATURAL,Supernatural
SYMPHOGEAR,Symphogear
AMAZING DIGITAL CIRCUS,TADC
DIGITAL CIRCUS,TADC
DIGITALCIRCUS,TADC
TADC,TADC
THE AMAZING DIGIAL CIRCUS,TADC
THE AMAZING DIGITAL CIRCUS,TADC
"THEAMAZINGDIGITALCIRCUS, HAZBINHOTEL, QSMP, CHUCKLESANDWICH",TADC
TALE OF FOOD,Tale of Food
TALES OF SERIES,Tales of Series
TALES OF ZESTIRIA,Tales of Series
TAMAGOTCHI,Tamagotchi
TAMAGOTCHI),Tamagotchi
TAMEN DE GUSHI,Tamen de Gushi
TAYLOR SWIFT,Taylor Swift
TEARS OF THEMIS,Tears of Themis
TOT,Tears of Themis
TEKKEN,Tekken
TEKKEN 8,Tekken
TEKKEN.,Tekken
TENGOKU DAIMAKYOU,Tengoku Daimakyou
TENSAI OUJI,Tensai Ouji
TENSURA,Tensura
TEAM FORTRESS 2,TF2
TF2,TF2
HEAVEN OFFICIAL BLESSING,TGCF
HEAVEN OFFICIAL BLESSING (TGCF),TGCF
HEAVEN OFFICIAL BLESSINGS,TGCF
HEAVEN OFFICIAL'S BLESSING,TGCF
HEAVEN OFFICIAL'S BLESSINGS,TGCF
TGCF,TGCF
TIANGUANCIFU + MODAOZUSHI,TGCF
THAILAND,Thailand
MILKMAN,That's Not My Neighbor
THAT'S NOT MY NEIGHBOR,That's Not My Neighbor
THE BOYS,The Boys
THE GRAY GARDEN,The Gray Garden
THE GREATEST ESTATE DEVELOPER,The Greatest Estate Developer
THE HUSKY AND HIS WHITE CAT SHIZUN,The Husky and His White Cat Shizun
THE RAVAGES OF TIME,The Ravages of Time
HIKARU GA SHINDA NATSU,The Summer Hikaru Died
THE SUMMER HIKARU DIED.,The Summer Hikaru Died
THE WORLD ENDS WITH YOU,The World Ends With You
THREE LIFETIMES,Three Lifetimes
TINTIN,Tintin
THE LAST OF US,TLOU
THE LAST OF US 2,TLOU
ROTTMNT,TMNT
TMNT,TMNT
UT/DR,Toby Fox
UTDR,Toby Fox
TOKAL,Tokyo Aliens
TOKYO ALIENS,Tokyo Aliens
TOKYO GHOUL,Tokyo Ghoul
TOKYO MEW MEW,Tokyo Mew Mew
TOKREV,Tokyo Revengers
TOKYO REVENGER,Tokyo Revengers
TOKYO REVENGERS,Tokyo Revengers
TOKYOREVENGERS,Tokyo Revengers
TOM & JERRY,Tom and Jerry
TOMORROW X TOGETHER,TOMORROW X TOGETHER
CAMPFIRE COOKING,Tondemo Skill
CAMPFIRE COOKING IN ANOTHER WORLD,Tondemo Skill
TONDEMO SKILL,Tondemo Skill
TOP GUN,Top Gun
TOHOU PROJECT,Touhou
TOUHOU,Touhou
TOUHOU PROJECT,Touhou
"TOUHOU PROJECT, ARKNIGHTS",Touhou
TOUKEN RANBU,Touken Ranbu
TOWER OF GOD,Tower of God
TOY STORY,Toy Story
TRAFFIC LIFE,Traffic Life
TRANSFORMER,Transformers
TRANSFORMERS,Transformers
TRIGUN,Trigun
TRIGUN STAMPADE,Trigun
TRIGUN STAMPEDE,Trigun
TROUBLE CHOCOLATE,Trouble Chocolate
TSUKIHIME,Tsukihime
TSUKIPRO,Tsukipro
TSUKIUTA,Tsukiuta
TSURUNE,Tsurune
TURNIP (WORTELSOUP),Turnip
TUYU,TUYU
TWICE,TWICE
TWISTED WONDERLAND,Twisted Wonderland
TXT,TXT
TXT (K-POP),TXT
TXT (KPOP),TXT
TXT KPOP,TXT
ULTRAKILL,ULTRAKILL
ULTRAMAN,Ultraman
UMA MUSUME,Uma Musume
UMA MUSUME PRETTY DERBY,Uma Musume
UMA MUSUME ROAD TO THE TOP,Uma Musume
UMAMUSUME,Uma Musume
UMARU-CHAN,Umaru-chan
UMIBE NO ETRANGER,Umibe no Etranger
UNDEAD UNLUCK,Undead Unluck
UNDERTALE,Undertale
UNDERTALE & DELTARUNE,Undertale
UNDERTALE/DELTARUNE,Undertale
UNDERTALE/DELTARUNE/ TOBY FOX GAME RPG,Undertale
UPIN & IPIN,Upin & Ipin
URASHIMASAKATASEN,Urashimasakatasen
UTAITE,Utaite
UTAPRI,Utapri
VA-11 HALL-A,Vallhalla
VALO,Valorant
VALORANT,Valorant
VALORANT & DOTA 2,Valorant
VALORANT AND ORIGINAL ARTWORKS,Valorant
VALORANT),Valorant
"VALORANT, GENSHIN, ADVENTURE TIME, V-TUBER, GUNDAM WITCH MERCURY",Valorant
"VALORANT, LEAGUE OF LEGENDS",Valorant
"VALORANT, OVERWATCH",Valorant
CARD FIGHT VANGUARD! DARK SOULS,Vanguard
CARDFIGHT VANGUARD,Vanguard
VNC,Vanitas no Carte
VANITAS,Vanitas no Carte
VANITAS NO CARTE,Vanitas no Carte
VINLAND SAGA,Vinland Saga
VIOLET EVERGARDEN,Violet Evergarden
VIVIZ,Viviz
HATSUNE MIKU,Vocaloid
HATSUNE MIKU (VOCALOID),Vocaloid
HATSUNE MIKU X PROJECT VOLTAGE,Vocaloid
MIKU,Vocaloid
UTAU,Vocaloid
VOCALOID,Vocaloid
VOCALOID [EVILLIOUS SERIES],Vocaloid
VOCALOID/HATSUNE MIKU,Vocaloid
VOCALOID/PJSK,Vocaloid
VOCALOID/PROJECT SEKAI,Vocaloid
VOCALOID/VOCAL SYNTH,Vocaloid
VERSUS AMBIVALENZ,VS AMBIVALENZ
K9,VShojo
K9KURO,VShojo
VSHOJO,Vshojo
VSHOUJO,Vshojo
VSPO,VSPO
VSPO!,VSPO
V.W.P (VIRTUAL WITCH PHENOMENONE),VWP
VWP,VWP
WARFRAME,Warframe
WARHAMMER,Warhammer
WARHAMMER 40000,Warhammer
WARHAMMER 40K,Warhammer
WATANARE,Watanare
WAVE TO EARTH,wave to earth
WE BARE BEARS,We Bare Bears
WEAK HERO,WEAK HERO
WEDNESDAY (NETFLIX 2022),Wednesday
WES ANDERSON FILMS,Wes Anderson
ATELIER WITCH HAT,WHA
WINDAH BASUDARA,Windah Basudara
WINNER,Winner
WHA,Witch Hat Atelier
WITCH HAT ATELIER,Witch Hat Atelier
WITCH HOUSE,Witch House
THE WITCHER,Witcher
WONG KAR WAI FILMS),Wong Kar Wai
WOODZ,WOODZ
WOTAKOI,Wotakoi
AEW/NJPW,Wrestling
WUTHERING WAVES,WUWA
XDINARY HEROES,Xdinary heroes
XG,XG
XG),XG
LIKE A DRAGON,Yakuza
RYU GA GOTOKU,Yakuza
YAKUZA,Yakuza
YAKUZA SERIES,Yakuza
YAMA NO SUSUME,Yama no Susume
YAMADA 999,Yamada 999
YOASOBI,YOASOBI
YORUSHIKA,Yorushika
YOTSUBA,Yotsuba
YOTSUBA&,Yotsuba
YOUR LIE IN APRIL,Your Lie In April
YOWAMUSHI PEDAL,Yowamushi Pedal
YOUR TURN TO DIE,YTTD
YU YU HAKUSHO,Yu Yu Hakusho
YU-GI-OH,Yugioh
YU-GI-OH!,Yugioh
YUGI OH,Yugioh
YUGI-OH,Yugioh
YUGIOH,Yugioh
YUGIOH DUEL MONSTERS,Yugioh
"YUGIOH,TOKUSATSU,HOYOVERSE,VTUBER",Yugioh
.FLOW,Yume Nikki
YURI ON ICE,Yuri on Ice
YURI!! ON ICE,Yuri on Ice
YURU CAMP,Yuru Camp
YURUCAMP,Yuru Camp
ZB1,ZB1
ZEROBASEONE,ZB1
ZEKTBACH,Zektbach
LEGEND OF ZELDA,Zelda
TEARS OF THE KINGDOM,Zelda
THE LEGEND OF ZELDA,Zelda
THE LEGEND OF ZELDA: TEARS OF THE KINGDOM,Zelda
ZELDA,Zelda
ZELDA BREATH OF THE WILD,Zelda
ZELDA TOTK,Zelda
ZELDA: TOKT,Zelda
ZENO,Zeno
ZOM 100,Zom 100
ZOM100,Zom 100
ZOMBIELAND SAGA,Zombieland Saga
PROJECT ZOMBOID,Zomboid
ZUTOMAYO,ZUTOMAYO
ZENLESS ZEN ZERO,ZZZ
ZENLESS ZONE ZERO,ZZZ
ZENLESS ZONE ZERO ORIGINAL,ZZZ
ZZZ,ZZZ